Id,fixed acidity,volatile acidity,citric acid,residual sugar,chlorides,free sulfur dioxide,total sulfur dioxide,density,pH,sulphates,alcohol,quality
0,7.4,0.70,0.00,1.9,0.076,11,34,0.9978,3.51,0.56,9.4,5
1,7.8,0.88,0.00,2.6,0.098,25,67,0.9968,3.20,0.68,9.8,5
2,7.8,0.76,0.04,2.3,0.092,15,54,0.9970,3.26,0.65,9.8,5
3,11.2,0.28,0.56,1.9,0.075,17,60,0.9980,3.16,0.58,9.8,6
4,7.4,0.70,0.00,1.9,0.076,11,34,0.9978,3.51,0.56,9.4,5
5,7.4,0.66,0.00,1.8,0.075,13,40,0.9978,3.51,0.56,9.4,5
6,7.9,0.60,0.06,1.6,0.069,15,59,0.9964,3.30,0.46,9.4,5
7,7.3,0.65,0.00,1.2,0.065,15,21,0.9946,3.39,0.47,10.0,7
8,7.8,0.58,0.02,2.0,0.073,9,18,0.9968,3.36,0.57,9.5,7
10,6.7,0.58,0.08,1.8,0.097,15,65,0.9959,3.28,0.54,9.2,5
12,5.6,0.62,0.00,1.6,0.089,16,59,0.9943,3.58,0.52,9.9,5
13,7.8,0.61,0.29,1.6,0.114,9,29,0.9974,3.26,1.56,9.1,5
16,8.5,0.28,0.56,1.8,0.092,35,103,0.9969,3.30,0.75,10.5,7
19,7.9,0.32,0.51,1.8,0.341,17,56,0.9969,3.04,1.08,9.2,6
21,7.6,0.39,0.31,2.3,0.082,23,71,0.9982,3.52,0.65,9.7,5
22,7.9,0.43,0.21,1.6,0.106,10,37,0.9966,3.17,0.91,9.5,5
23,8.5,0.49,0.11,2.3,0.084,9,67,0.9968,3.17,0.53,9.4,5
24,6.9,0.40,0.14,2.4,0.085,21,40,0.9968,3.43,0.63,9.7,6
25,6.3,0.39,0.16,1.4,0.080,11,23,0.9955,3.34,0.56,9.3,5
26,7.6,0.41,0.24,1.8,0.080,4,11,0.9962,3.28,0.59,9.5,5
28,7.1,0.71,0.00,1.9,0.080,14,35,0.9972,3.47,0.55,9.4,5
29,7.8,0.65,0.00,2.0,0.082,8,16,0.9964,3.38,0.59,9.8,6
30,6.7,0.68,0.07,2.4,0.089,17,82,0.9958,3.35,0.54,10.1,5
32,8.3,0.66,0.12,2.3,0.083,15,113,0.9966,3.17,0.66,9.8,5
34,5.2,0.32,0.25,1.8,0.103,13,50,0.9957,3.38,0.55,9.2,5
35,7.8,0.65,0.00,5.5,0.086,5,18,0.9986,3.40,0.55,9.6,6
36,7.8,0.60,0.14,2.4,0.086,3,15,0.9975,3.42,0.60,10.8,6
37,8.1,0.38,0.28,2.1,0.066,13,30,0.9968,3.23,0.73,9.7,7
40,7.3,0.45,0.36,5.9,0.074,12,87,0.9978,3.33,0.83,10.5,5
41,8.8,0.61,0.30,2.8,0.088,17,46,0.9976,3.26,0.51,9.3,4
42,7.5,0.49,0.20,2.6,0.332,8,14,0.9968,3.21,0.90,10.5,6
43,8.1,0.66,0.22,2.2,0.069,9,23,0.9968,3.30,1.20,10.3,5
45,4.6,0.52,0.15,2.1,0.054,8,65,0.9934,3.90,0.56,13.1,4
46,7.7,0.94,0.43,2.2,0.114,22,114,0.9970,3.25,0.73,9.2,5
50,8.8,0.66,0.26,1.7,0.074,4,23,0.9971,3.15,0.74,9.2,5
51,6.6,0.52,0.04,2.2,0.069,8,15,0.9956,3.40,0.63,9.4,6
52,6.6,0.50,0.04,2.1,0.068,6,14,0.9955,3.39,0.64,9.4,6
53,8.6,0.38,0.36,3.0,0.081,30,119,0.9970,3.20,0.56,9.4,5
54,7.6,0.51,0.15,2.8,0.110,33,73,0.9955,3.17,0.63,10.2,6
56,10.2,0.42,0.57,3.4,0.070,4,10,0.9971,3.04,0.63,9.6,5
58,7.8,0.59,0.18,2.3,0.076,17,54,0.9975,3.43,0.59,10.0,5
59,7.3,0.39,0.31,2.4,0.074,9,46,0.9962,3.41,0.54,9.4,6
60,8.8,0.40,0.40,2.2,0.079,19,52,0.9980,3.44,0.64,9.2,5
61,7.7,0.69,0.49,1.8,0.115,20,112,0.9968,3.21,0.71,9.3,5
63,7.0,0.74,0.05,2.0,0.081,13,54,0.9966,3.39,0.57,9.8,5
64,7.2,0.73,0.05,4.7,0.086,4,11,0.9962,3.41,0.39,10.9,5
65,7.2,0.73,0.05,4.7,0.086,4,11,0.9962,3.41,0.39,10.9,5
67,6.6,0.71,0.07,1.6,0.076,6,15,0.9962,3.44,0.58,10.7,5
69,8.0,0.71,0.05,1.9,0.074,8,19,0.9962,3.34,0.95,10.5,6
72,7.7,0.69,0.22,1.9,0.084,18,94,0.9961,3.31,0.48,9.5,5
73,8.3,0.68,0.26,2.1,0.084,11,43,0.9976,3.31,0.53,9.2,4
76,8.8,0.41,0.64,2.2,0.093,9,42,0.9986,3.54,0.66,10.5,5
77,6.8,0.79,0.00,2.4,0.104,14,30,0.9966,3.52,0.55,10.7,6
78,6.7,0.75,0.12,2.0,0.086,12,80,0.9958,3.38,0.52,10.1,5
79,8.3,0.63,0.20,1.5,0.080,27,119,0.9972,3.16,1.12,9.1,4
80,6.2,0.45,0.20,1.6,0.069,3,15,0.9958,3.41,0.56,9.2,5
82,7.4,0.50,0.47,2.0,0.086,21,73,0.9970,3.36,0.57,9.1,5
84,6.3,0.30,0.48,1.8,0.069,18,61,0.9959,3.44,0.78,10.3,6
85,6.9,0.55,0.15,2.2,0.076,19,40,0.9961,3.41,0.59,10.1,5
86,8.6,0.49,0.28,1.9,0.110,20,136,0.9972,2.93,1.95,9.9,6
87,7.7,0.49,0.26,1.9,0.062,9,31,0.9966,3.39,0.64,9.6,5
88,9.3,0.39,0.44,2.1,0.107,34,125,0.9978,3.14,1.22,9.5,5
89,7.0,0.62,0.08,1.8,0.076,8,24,0.9978,3.48,0.53,9.0,5
90,7.9,0.52,0.26,1.9,0.079,42,140,0.9964,3.23,0.54,9.5,5
91,8.6,0.49,0.28,1.9,0.110,20,136,0.9972,2.93,1.95,9.9,6
93,7.7,0.49,0.26,1.9,0.062,9,31,0.9966,3.39,0.64,9.6,5
94,5.0,1.02,0.04,1.4,0.045,41,85,0.9938,3.75,0.48,10.5,4
96,6.8,0.78,0.00,3.0,0.102,8,23,0.9965,3.45,0.56,10.7,5
98,7.6,0.90,0.06,2.5,0.079,5,10,0.9967,3.39,0.56,9.8,5
99,8.1,0.55,0.18,1.9,0.080,13,35,0.9972,3.30,0.59,9.0,6
100,8.3,0.61,0.30,2.1,0.084,11,50,0.9972,3.40,0.61,10.2,6
102,8.1,0.55,0.18,1.9,0.080,13,35,0.9972,3.30,0.59,9.0,6
103,8.1,0.58,0.22,2.1,0.077,12,65,0.9967,3.29,0.51,9.2,5
104,7.2,0.49,0.24,2.2,0.070,5,36,0.9960,3.33,0.48,9.4,5
105,8.1,0.58,0.22,2.1,0.077,12,65,0.9967,3.29,0.51,9.2,5
106,7.8,0.41,0.68,1.7,0.467,18,69,0.9973,3.08,1.31,9.3,5
107,6.2,0.63,0.31,1.7,0.088,15,64,0.9969,3.46,0.79,9.3,5
110,7.8,0.56,0.19,1.8,0.104,12,47,0.9964,3.19,0.93,9.5,5
111,8.4,0.62,0.09,2.2,0.084,11,108,0.9964,3.15,0.66,9.8,5
113,10.1,0.31,0.44,2.3,0.080,22,46,0.9988,3.32,0.67,9.7,6
114,7.8,0.56,0.19,1.8,0.104,12,47,0.9964,3.19,0.93,9.5,5
115,9.4,0.40,0.31,2.2,0.090,13,62,0.9966,3.07,0.63,10.5,6
116,8.3,0.54,0.28,1.9,0.077,11,40,0.9978,3.39,0.61,10.0,6
120,7.3,1.07,0.09,1.7,0.178,10,89,0.9962,3.30,0.57,9.0,5
121,8.8,0.55,0.04,2.2,0.119,14,56,0.9962,3.21,0.60,10.9,6
122,7.3,0.70,0.00,2.5,0.075,3,13,0.9980,3.49,0.52,9.2,5
124,7.8,0.50,0.17,1.6,0.082,21,102,0.9960,3.39,0.48,9.5,5
126,8.2,1.33,0.00,1.7,0.081,3,12,0.9964,3.53,0.49,10.9,5
127,8.1,1.33,0.00,1.8,0.082,3,12,0.9964,3.54,0.48,10.9,5
128,8.0,0.59,0.16,1.8,0.065,3,16,0.9962,3.42,0.92,10.5,7
130,8.0,0.75,0.56,2.0,0.118,30,134,0.9968,3.24,0.66,9.4,5
131,5.6,0.50,0.09,2.3,0.049,17,99,0.9937,3.63,0.63,13.0,5
134,7.9,1.04,0.05,2.2,0.084,13,29,0.9959,3.22,0.55,9.9,6
135,8.4,0.75,0.11,1.9,0.090,16,63,0.9965,3.19,0.82,9.6,5
137,7.2,0.42,0.36,2.0,0.081,13,45,0.9972,3.48,0.64,9.2,5
140,8.4,0.75,0.11,1.9,0.090,16,63,0.9965,3.19,0.82,9.6,5
142,5.2,0.34,0.00,1.8,0.050,27,63,0.9916,3.68,0.79,14.0,6
143,6.3,0.39,0.08,1.7,0.066,3,20,0.9954,3.34,0.58,9.4,5
144,5.2,0.34,0.00,1.8,0.050,27,63,0.9916,3.68,0.79,14.0,6
145,8.1,0.67,0.55,1.8,0.117,32,141,0.9968,3.17,0.62,9.4,5
146,5.8,0.68,0.02,1.8,0.087,21,94,0.9944,3.54,0.52,10.0,5
148,6.9,0.49,0.10,2.3,0.074,12,30,0.9959,3.42,0.58,10.2,6
150,7.3,0.33,0.47,2.1,0.077,5,11,0.9958,3.33,0.53,10.3,6
151,9.2,0.52,1.00,3.4,0.610,32,69,0.9996,2.74,2.00,9.4,4
152,7.5,0.60,0.03,1.8,0.095,25,99,0.9950,3.35,0.54,10.1,5
153,7.5,0.60,0.03,1.8,0.095,25,99,0.9950,3.35,0.54,10.1,5
155,7.1,0.43,0.42,5.5,0.071,28,128,0.9973,3.42,0.71,10.5,5
156,7.1,0.43,0.42,5.5,0.070,29,129,0.9973,3.42,0.72,10.5,5
157,7.1,0.43,0.42,5.5,0.071,28,128,0.9973,3.42,0.71,10.5,5
158,7.1,0.68,0.00,2.2,0.073,12,22,0.9969,3.48,0.50,9.3,5
159,6.8,0.60,0.18,1.9,0.079,18,86,0.9968,3.59,0.57,9.3,6
160,7.6,0.95,0.03,2.0,0.090,7,20,0.9959,3.20,0.56,9.6,5
161,7.6,0.68,0.02,1.3,0.072,9,20,0.9965,3.17,1.08,9.2,4
162,7.8,0.53,0.04,1.7,0.076,17,31,0.9964,3.33,0.56,10.0,6
163,7.4,0.60,0.26,7.3,0.070,36,121,0.9982,3.37,0.49,9.4,5
164,7.3,0.59,0.26,7.2,0.070,35,121,0.9981,3.37,0.49,9.4,5
165,7.8,0.63,0.48,1.7,0.100,14,96,0.9961,3.19,0.62,9.5,5
166,6.8,0.64,0.10,2.1,0.085,18,101,0.9956,3.34,0.52,10.2,5
167,7.3,0.55,0.03,1.6,0.072,17,42,0.9956,3.37,0.48,9.0,4
168,6.8,0.63,0.07,2.1,0.089,11,44,0.9953,3.47,0.55,10.4,6
170,7.9,0.89,0.03,1.8,0.058,4,8,0.9972,3.36,0.33,9.1,4
172,8.0,0.42,0.17,2.0,0.073,6,18,0.9972,3.29,0.61,9.2,6
173,7.4,0.62,0.05,1.9,0.068,24,42,0.9961,3.42,0.57,11.5,6
175,6.9,0.50,0.04,1.5,0.085,19,49,0.9958,3.35,0.78,9.5,5
176,7.3,0.38,0.21,2.0,0.080,7,35,0.9961,3.33,0.47,9.5,5
177,7.5,0.52,0.42,2.3,0.087,8,38,0.9972,3.58,0.61,10.5,6
178,7.0,0.81,0.00,2.5,0.068,7,20,0.9969,3.48,0.56,9.6,5
179,8.8,0.61,0.14,2.4,0.067,10,42,0.9969,3.19,0.59,9.5,5
180,8.8,0.61,0.14,2.4,0.067,10,42,0.9969,3.19,0.59,9.5,5
181,8.9,0.61,0.49,2.0,0.270,23,110,0.9972,3.12,1.02,9.3,5
182,7.2,0.73,0.02,2.5,0.076,16,42,0.9972,3.44,0.52,9.3,5
183,6.8,0.61,0.20,1.8,0.077,11,65,0.9971,3.54,0.58,9.3,5
184,6.7,0.62,0.21,1.9,0.079,8,62,0.9970,3.52,0.58,9.3,6
185,8.9,0.31,0.57,2.0,0.111,26,85,0.9971,3.26,0.53,9.7,5
186,7.4,0.39,0.48,2.0,0.082,14,67,0.9972,3.34,0.55,9.2,5
188,7.9,0.50,0.33,2.0,0.084,15,143,0.9968,3.20,0.55,9.5,5
190,8.2,0.50,0.35,2.9,0.077,21,127,0.9976,3.23,0.62,9.4,5
191,6.4,0.37,0.25,1.9,0.074,21,49,0.9974,3.57,0.62,9.8,6
193,7.6,0.55,0.21,2.2,0.071,7,28,0.9964,3.28,0.55,9.7,5
194,7.6,0.55,0.21,2.2,0.071,7,28,0.9964,3.28,0.55,9.7,5
196,7.3,0.58,0.30,2.4,0.074,15,55,0.9968,3.46,0.59,10.2,5
197,11.5,0.30,0.60,2.0,0.067,12,27,0.9981,3.11,0.97,10.1,6
199,6.9,1.09,0.06,2.1,0.061,12,31,0.9948,3.51,0.43,11.4,4
200,9.6,0.32,0.47,1.4,0.056,9,24,0.9970,3.22,0.82,10.3,7
204,7.0,0.43,0.36,1.6,0.089,14,37,0.9962,3.34,0.56,9.2,6
205,12.8,0.30,0.74,2.6,0.095,9,28,0.9994,3.20,0.77,10.8,7
206,12.8,0.30,0.74,2.6,0.095,9,28,0.9994,3.20,0.77,10.8,7
208,7.8,0.44,0.28,2.7,0.100,18,95,0.9966,3.22,0.67,9.4,5
210,9.7,0.53,0.60,2.0,0.039,5,19,0.9959,3.30,0.86,12.4,6
211,8.0,0.73,0.24,2.8,0.083,10,62,0.9969,3.35,0.56,10.0,6
213,8.2,0.57,0.26,2.2,0.060,28,65,0.9959,3.30,0.43,10.1,5
214,7.8,0.74,0.08,2.4,0.092,10,41,0.9974,3.24,0.71,9.8,6
215,7.0,0.49,0.49,5.6,0.060,26,121,0.9974,3.34,0.76,10.5,5
216,8.7,0.63,0.16,2.0,0.101,13,49,0.9962,3.14,0.57,11.0,5
217,8.1,0.73,0.22,2.2,0.072,11,41,0.9967,3.36,0.55,9.1,5
218,7.5,0.49,0.19,1.9,0.076,10,44,0.9957,3.39,0.54,9.7,5
220,7.8,0.34,0.37,2.0,0.082,24,58,0.9964,3.34,0.59,9.4,6
221,7.4,0.53,0.26,2.0,0.101,16,72,0.9957,3.15,0.57,9.4,5
222,6.8,0.61,0.04,1.5,0.057,5,10,0.9953,3.42,0.60,9.5,5
223,8.6,0.65,0.25,2.0,0.083,8,28,0.9982,3.28,0.60,10.0,6
225,7.7,0.43,0.25,2.6,0.073,29,63,0.9962,3.37,0.58,10.5,6
226,8.9,0.59,0.50,2.0,0.337,27,81,0.9964,3.04,1.61,9.5,6
230,5.2,0.48,0.04,1.6,0.054,19,106,0.9927,3.54,0.62,12.2,7
231,8.0,0.38,0.06,1.8,0.078,12,49,0.9963,3.37,0.52,9.9,6
232,8.5,0.37,0.20,2.8,0.090,18,58,0.9980,3.34,0.70,9.6,6
234,8.2,1.00,0.09,2.3,0.065,7,37,0.9969,3.32,0.55,9.0,6
235,7.2,0.63,0.00,1.9,0.097,14,38,0.9968,3.37,0.58,9.0,6
240,8.9,0.64,0.37,1.7,0.263,5,62,0.9971,3.00,1.09,9.3,5
241,12.0,0.38,0.56,2.1,0.093,6,24,0.9993,3.14,0.71,10.9,6
242,7.7,0.58,0.10,1.8,0.102,28,109,0.9957,3.08,0.49,9.8,6
243,15.0,0.21,0.44,2.2,0.075,10,24,1.0001,3.07,0.84,9.2,7
244,15.0,0.21,0.44,2.2,0.075,10,24,1.0001,3.07,0.84,9.2,7
245,7.3,0.66,0.00,2.0,0.084,6,23,0.9983,3.61,0.96,9.9,6
246,7.1,0.68,0.07,1.9,0.075,16,51,0.9969,3.38,0.52,9.5,5
249,7.3,0.66,0.00,2.0,0.084,6,23,0.9983,3.61,0.96,9.9,6
250,10.8,0.32,0.44,1.6,0.063,16,37,0.9985,3.22,0.78,10.0,6
251,7.1,0.60,0.00,1.8,0.074,16,34,0.9972,3.47,0.70,9.9,6
252,11.1,0.35,0.48,3.1,0.090,5,21,0.9986,3.17,0.53,10.5,5
253,7.7,0.78,0.42,1.9,0.092,8,86,0.9959,3.23,0.59,9.5,5
255,8.0,0.57,0.23,3.2,0.073,17,119,0.9968,3.26,0.57,9.3,5
256,9.4,0.34,0.37,2.2,0.075,5,13,0.9980,3.22,0.62,9.2,5
257,6.6,0.70,0.00,2.1,0.075,12,56,0.9968,3.49,0.67,9.2,5
258,7.7,0.41,0.76,1.8,0.611,8,45,0.9968,3.06,1.26,9.4,5
259,10.0,0.31,0.47,2.6,0.085,14,33,0.9997,3.36,0.80,10.5,7
260,7.9,0.33,0.23,1.7,0.077,18,45,0.9963,3.29,0.65,9.3,5
261,7.0,0.98,0.04,2.0,0.087,12,67,0.9957,3.35,0.60,9.4,4
262,8.0,0.52,0.03,1.7,0.070,10,35,0.9958,3.34,0.57,10.0,5
263,7.9,0.37,0.23,1.8,0.077,23,49,0.9963,3.28,0.67,9.3,5
264,12.5,0.56,0.49,2.4,0.064,5,27,0.9999,3.08,0.87,10.9,5
266,8.1,0.87,0.00,3.3,0.096,26,61,1.0003,3.60,0.72,9.8,4
267,7.9,0.35,0.46,3.6,0.078,15,37,0.9973,3.35,0.86,12.8,8
268,6.9,0.54,0.04,3.0,0.077,7,27,0.9987,3.69,0.91,9.4,6
269,11.5,0.18,0.51,4.0,0.104,4,23,0.9996,3.28,0.97,10.1,6
270,7.9,0.55,0.06,4.0,0.087,27,61,0.9965,3.36,0.67,10.7,6
275,7.9,0.55,0.06,4.0,0.087,27,61,0.9965,3.36,0.67,10.7,6
276,6.9,0.54,0.04,3.0,0.077,7,27,0.9987,3.69,0.91,9.4,6
277,11.5,0.18,0.51,4.0,0.104,4,23,0.9996,3.28,0.97,10.1,6
278,10.3,0.32,0.45,6.4,0.073,5,13,0.9976,3.23,0.82,12.6,8
279,8.9,0.40,0.32,5.6,0.087,10,47,0.9991,3.38,0.77,10.5,7
280,11.4,0.26,0.44,3.6,0.071,6,19,0.9986,3.12,0.82,9.3,6
281,7.7,0.27,0.68,3.5,0.358,5,10,0.9972,3.25,1.08,9.9,7
283,8.9,0.40,0.32,5.6,0.087,10,47,0.9991,3.38,0.77,10.5,7
284,9.9,0.59,0.07,3.4,0.102,32,71,1.0002,3.31,0.71,9.8,5
285,9.9,0.59,0.07,3.4,0.102,32,71,1.0002,3.31,0.71,9.8,5
286,12.0,0.45,0.55,2.0,0.073,25,49,0.9997,3.10,0.76,10.3,6
287,7.5,0.40,0.12,3.0,0.092,29,53,0.9967,3.37,0.70,10.3,6
288,8.7,0.52,0.09,2.5,0.091,20,49,0.9976,3.34,0.86,10.6,7
289,11.6,0.42,0.53,3.3,0.105,33,98,1.0010,3.20,0.95,9.2,5
290,8.7,0.52,0.09,2.5,0.091,20,49,0.9976,3.34,0.86,10.6,7
292,10.4,0.55,0.23,2.7,0.091,18,48,0.9994,3.22,0.64,10.3,6
293,6.9,0.36,0.25,2.4,0.098,5,16,0.9964,3.41,0.60,10.1,6
294,13.3,0.34,0.52,3.2,0.094,17,53,1.0014,3.05,0.81,9.5,6
295,10.8,0.50,0.46,2.5,0.073,5,27,1.0001,3.05,0.64,9.5,5
296,10.6,0.83,0.37,2.6,0.086,26,70,0.9981,3.16,0.52,9.9,5
297,7.1,0.63,0.06,2.0,0.083,8,29,0.9986,3.67,0.73,9.6,5
298,7.2,0.65,0.02,2.3,0.094,5,31,0.9993,3.67,0.80,9.7,5
300,7.5,0.53,0.06,2.6,0.086,20,44,0.9965,3.38,0.59,10.7,6
301,11.1,0.18,0.48,1.5,0.068,7,15,0.9973,3.22,0.64,10.1,6
302,8.3,0.71,0.12,2.6,0.092,12,28,0.9994,3.51,0.72,10.0,5
304,8.4,0.65,0.60,2.1,0.112,12,90,0.9973,3.20,0.52,9.2,5
306,7.6,0.62,0.32,2.2,0.082,7,54,0.9966,3.36,0.52,9.4,5
307,10.3,0.41,0.42,2.4,0.213,6,14,0.9994,3.19,0.62,9.5,6
308,10.3,0.43,0.44,2.4,0.214,5,12,0.9994,3.19,0.63,9.5,6
311,7.9,0.53,0.24,2.0,0.072,15,105,0.9960,3.27,0.54,9.4,6
312,9.0,0.46,0.31,2.8,0.093,19,98,0.9982,3.32,0.63,9.5,6
313,8.6,0.47,0.30,3.0,0.076,30,135,0.9976,3.30,0.53,9.4,5
314,7.4,0.36,0.29,2.6,0.087,26,72,0.9965,3.39,0.68,11.0,5
318,9.8,0.66,0.39,3.2,0.083,21,59,0.9989,3.37,0.71,11.5,7
319,9.6,0.77,0.12,2.9,0.082,30,74,0.9987,3.30,0.64,10.4,6
321,9.3,0.61,0.26,3.4,0.090,25,87,0.9998,3.24,0.62,9.7,5
324,10.0,0.49,0.20,11.0,0.071,13,50,1.0015,3.16,0.69,9.2,6
325,10.0,0.49,0.20,11.0,0.071,13,50,1.0015,3.16,0.69,9.2,6
326,11.6,0.53,0.66,3.7,0.121,6,14,0.9978,3.05,0.74,11.5,7
327,10.3,0.44,0.50,4.5,0.107,5,13,0.9980,3.28,0.83,11.5,5
328,13.4,0.27,0.62,2.6,0.082,6,21,1.0002,3.16,0.67,9.7,6
333,8.4,0.56,0.08,2.1,0.105,16,44,0.9958,3.13,0.52,11.0,5
334,7.9,0.65,0.01,2.5,0.078,17,38,0.9963,3.34,0.74,11.7,7
335,11.9,0.70,0.53,3.4,0.128,7,21,0.9992,3.17,0.84,12.2,7
336,8.9,0.43,0.45,1.9,0.052,6,16,0.9948,3.35,0.70,12.5,6
337,7.8,0.43,0.32,2.8,0.080,29,58,0.9974,3.31,0.64,10.3,5
339,12.5,0.28,0.54,2.3,0.082,12,29,0.9997,3.11,1.36,9.8,7
342,10.9,0.39,0.47,1.8,0.118,6,14,0.9982,3.30,0.75,9.8,6
343,10.9,0.39,0.47,1.8,0.118,6,14,0.9982,3.30,0.75,9.8,6
344,11.9,0.57,0.50,2.6,0.082,6,32,1.0006,3.12,0.78,10.7,6
347,13.8,0.49,0.67,3.0,0.093,6,15,0.9986,3.02,0.93,12.0,6
348,9.6,0.56,0.31,2.8,0.089,15,46,0.9979,3.11,0.92,10.0,6
351,9.1,0.80,0.00,2.6,0.096,11,26,0.9994,3.35,0.83,9.4,6
352,7.7,0.67,0.00,2.4,0.090,8,19,0.9974,3.27,0.73,9.3,5
353,13.5,0.53,0.79,4.8,0.120,23,77,1.0018,3.18,0.77,13.0,5
354,6.1,0.21,0.40,1.4,0.066,41,165,0.9912,3.25,0.59,11.9,6
355,6.7,0.75,0.01,2.4,0.078,17,32,0.9955,3.55,0.61,12.8,6
356,11.5,0.41,0.52,3.0,0.080,29,55,1.0001,3.26,0.88,11.0,5
357,10.5,0.42,0.66,3.0,0.116,12,29,0.9970,3.24,0.75,11.7,7
358,11.9,0.43,0.66,3.1,0.109,10,23,1.0000,3.15,0.85,10.4,7
359,12.6,0.38,0.66,2.6,0.088,10,41,1.0010,3.17,0.68,9.8,6
360,8.2,0.70,0.23,2.0,0.099,14,81,0.9973,3.19,0.70,9.4,5
361,8.6,0.45,0.31,2.6,0.086,21,50,0.9982,3.37,0.91,9.9,6
362,11.9,0.58,0.66,2.5,0.072,6,37,0.9992,3.05,0.56,10.0,5
363,12.5,0.46,0.63,2.0,0.071,6,15,0.9988,2.99,0.87,10.2,5
364,12.8,0.62,0.66,5.8,0.083,7,42,1.0022,3.07,0.73,10.0,7
366,12.8,0.62,0.66,5.8,0.083,7,42,1.0022,3.07,0.73,10.0,7
367,10.4,0.58,0.61,2.6,0.076,11,24,1.0000,3.16,0.69,9.0,5
369,9.4,0.27,0.53,2.4,0.074,6,18,0.9962,3.20,1.13,12.0,7
371,7.9,0.24,0.40,1.6,0.056,11,25,0.9967,3.32,0.87,8.7,6
372,9.1,0.28,0.48,1.8,0.067,26,46,0.9967,3.32,1.04,10.6,6
376,11.5,0.45,0.50,3.0,0.078,19,47,1.0003,3.26,1.11,11.0,6
377,9.4,0.27,0.53,2.4,0.074,6,18,0.9962,3.20,1.13,12.0,7
378,11.4,0.63,0.66,6.2,0.088,6,24,0.9988,3.11,0.99,13.3,6
380,8.3,0.26,0.42,2.0,0.080,11,27,0.9974,3.21,0.80,9.4,6
384,7.7,0.51,0.28,2.1,0.087,23,54,0.9980,3.42,0.74,9.2,5
388,7.8,0.46,0.26,1.9,0.088,23,53,0.9981,3.43,0.74,9.2,6
390,5.6,0.85,0.05,1.4,0.045,12,88,0.9924,3.56,0.82,12.9,8
391,13.7,0.42,0.68,2.9,0.085,17,43,1.0014,3.06,0.80,10.0,6
392,9.5,0.37,0.52,2.0,0.082,6,26,0.9980,3.18,0.51,9.5,5
395,12.0,0.37,0.76,4.2,0.066,7,38,1.0004,3.22,0.60,13.0,7
396,6.6,0.74,0.02,7.9,0.122,68,124,0.9994,3.47,0.53,9.9,5
397,11.5,0.59,0.59,2.6,0.087,13,49,0.9988,3.18,0.65,11.0,6
399,8.7,0.77,0.22,2.3,0.064,9,42,0.9963,3.10,0.55,9.4,5
400,6.6,0.74,0.02,7.9,0.122,68,124,0.9994,3.47,0.53,9.9,5
402,12.2,0.48,0.54,2.6,0.085,19,64,1.0000,3.10,0.61,10.5,6
403,11.4,0.60,0.49,2.7,0.085,10,41,0.9994,3.15,0.63,10.5,6
404,7.7,0.69,0.05,2.7,0.075,15,27,0.9974,3.26,0.61,9.1,5
406,9.8,0.44,0.47,2.5,0.063,9,28,0.9981,3.24,0.65,10.8,6
407,12.0,0.39,0.66,3.0,0.093,12,30,0.9996,3.18,0.63,10.8,7
409,12.5,0.46,0.49,4.5,0.070,26,49,0.9981,3.05,0.57,9.6,4
410,9.0,0.43,0.34,2.5,0.080,26,86,0.9987,3.38,0.62,9.5,6
412,7.1,0.74,0.16,1.9,0.100,15,77,0.9966,3.27,0.64,9.3,5
413,9.9,0.40,0.53,6.7,0.097,6,19,0.9986,3.27,0.82,11.7,7
414,8.8,0.52,0.34,2.7,0.087,24,122,0.9982,3.26,0.61,9.5,5
415,8.6,0.73,0.24,6.6,0.117,31,134,1.0014,3.32,1.07,9.3,5
416,10.6,0.48,0.64,2.2,0.111,6,20,0.9970,3.26,0.66,11.7,6
417,7.0,0.58,0.12,1.9,0.091,34,124,0.9956,3.44,0.48,10.5,5
418,11.9,0.38,0.51,2.0,0.121,7,20,0.9996,3.24,0.76,10.4,6
419,6.8,0.77,0.00,1.8,0.066,34,52,0.9976,3.62,0.68,9.9,5
421,6.6,0.84,0.03,2.3,0.059,32,48,0.9952,3.52,0.56,12.3,7
422,7.7,0.96,0.20,2.0,0.047,15,60,0.9955,3.36,0.44,10.9,5
423,10.5,0.24,0.47,2.1,0.066,6,24,0.9978,3.15,0.90,11.0,7
425,6.6,0.84,0.03,2.3,0.059,32,48,0.9952,3.52,0.56,12.3,7
426,6.4,0.67,0.08,2.1,0.045,19,48,0.9949,3.49,0.49,11.4,6
427,9.5,0.78,0.22,1.9,0.077,6,32,0.9988,3.26,0.56,10.6,6
428,9.1,0.52,0.33,1.3,0.070,9,30,0.9978,3.24,0.60,9.3,5
429,12.8,0.84,0.63,2.4,0.088,13,35,0.9997,3.10,0.60,10.4,6
430,10.5,0.24,0.47,2.1,0.066,6,24,0.9978,3.15,0.90,11.0,7
431,7.8,0.55,0.35,2.2,0.074,21,66,0.9974,3.25,0.56,9.2,5
433,12.3,0.39,0.63,2.3,0.091,6,18,1.0004,3.16,0.49,9.5,5
434,10.4,0.41,0.55,3.2,0.076,22,54,0.9996,3.15,0.89,9.9,6
435,12.3,0.39,0.63,2.3,0.091,6,18,1.0004,3.16,0.49,9.5,5
436,8.0,0.67,0.30,2.0,0.060,38,62,0.9958,3.26,0.56,10.2,6
437,11.1,0.45,0.73,3.2,0.066,6,22,0.9986,3.17,0.66,11.2,6
439,7.0,0.62,0.18,1.5,0.062,7,50,0.9951,3.08,0.60,9.3,5
440,12.6,0.31,0.72,2.2,0.072,6,29,0.9987,2.88,0.82,9.8,8
442,15.6,0.69,0.76,3.7,0.100,6,43,1.0032,2.95,0.68,11.2,7
444,5.3,0.57,0.01,1.7,0.054,5,27,0.9934,3.57,0.84,12.5,7
446,12.5,0.38,0.60,2.6,0.081,31,72,0.9996,3.10,0.73,10.5,5
447,9.3,0.48,0.29,2.1,0.127,6,16,0.9968,3.22,0.72,11.2,5
448,8.6,0.53,0.22,2.0,0.100,7,27,0.9967,3.20,0.56,10.2,6
449,11.9,0.39,0.69,2.8,0.095,17,35,0.9994,3.10,0.61,10.8,6
450,11.9,0.39,0.69,2.8,0.095,17,35,0.9994,3.10,0.61,10.8,6
452,6.8,0.56,0.03,1.7,0.084,18,35,0.9968,3.44,0.63,10.0,6
453,10.4,0.33,0.63,2.8,0.084,5,22,0.9998,3.26,0.74,11.2,7
454,7.0,0.23,0.40,1.6,0.063,21,67,0.9952,3.50,0.63,11.1,5
455,11.3,0.62,0.67,5.2,0.086,6,19,0.9988,3.22,0.69,13.4,8
456,8.9,0.59,0.39,2.3,0.095,5,22,0.9986,3.37,0.58,10.3,5
457,9.2,0.63,0.21,2.7,0.097,29,65,0.9988,3.28,0.58,9.6,5
459,11.6,0.58,0.66,2.2,0.074,10,47,1.0008,3.25,0.57,9.0,3
460,9.2,0.43,0.52,2.3,0.083,14,23,0.9976,3.35,0.61,11.3,6
461,8.3,0.62,0.22,2.6,0.087,6,19,0.9982,3.26,0.61,9.3,5
464,11.5,0.32,0.54,2.1,0.084,5,15,0.9987,2.98,0.70,9.2,6
466,10.3,0.50,0.42,2.0,0.069,21,51,0.9982,3.16,0.72,11.5,6
467,8.8,0.46,0.45,2.6,0.065,7,18,0.9947,3.32,0.79,14.0,6
468,11.4,0.36,0.69,2.1,0.090,6,21,1.0000,3.17,0.62,9.2,6
469,8.7,0.82,0.02,1.2,0.070,36,48,0.9952,3.20,0.58,9.8,5
470,13.0,0.32,0.65,2.6,0.093,15,47,0.9996,3.05,0.61,10.6,5
471,9.6,0.54,0.42,2.4,0.081,25,52,0.9970,3.20,0.71,11.4,6
472,12.5,0.37,0.55,2.6,0.083,25,68,0.9995,3.15,0.82,10.4,6
475,9.6,0.68,0.24,2.2,0.087,5,28,0.9988,3.14,0.60,10.2,5
476,9.3,0.27,0.41,2.0,0.091,6,16,0.9980,3.28,0.70,9.7,5
477,10.4,0.24,0.49,1.8,0.075,6,20,0.9977,3.18,1.06,11.0,6
479,9.4,0.69,0.11,2.7,0.077,6,31,0.9984,3.19,0.70,10.1,6
480,10.6,0.28,0.39,15.5,0.069,6,23,1.0026,3.12,0.66,9.2,5
481,9.4,0.30,0.56,2.8,0.080,6,17,0.9964,3.15,0.92,11.7,8
483,10.6,0.36,0.60,2.2,0.152,7,18,0.9986,3.04,1.06,9.4,5
485,10.2,0.67,0.39,1.9,0.054,6,17,0.9976,3.17,0.47,10.0,5
487,10.2,0.65,0.36,1.8,0.053,5,14,0.9982,3.17,0.42,10.0,6
489,9.3,0.39,0.40,2.6,0.073,10,26,0.9984,3.34,0.75,10.2,6
491,9.2,0.41,0.50,2.5,0.055,12,25,0.9952,3.34,0.79,13.3,7
492,8.9,0.40,0.51,2.6,0.052,13,27,0.9950,3.32,0.90,13.4,7
493,8.7,0.69,0.31,3.0,0.086,23,81,1.0002,3.48,0.74,11.6,6
494,6.5,0.39,0.23,8.3,0.051,28,91,0.9952,3.44,0.55,12.1,6
495,10.7,0.35,0.53,2.6,0.070,5,16,0.9972,3.15,0.65,11.0,8
496,7.8,0.52,0.25,1.9,0.081,14,38,0.9984,3.43,0.65,9.0,6
497,7.2,0.34,0.32,2.5,0.090,43,113,0.9966,3.32,0.79,11.1,5
498,10.7,0.35,0.53,2.6,0.070,5,16,0.9972,3.15,0.65,11.0,8
499,8.7,0.69,0.31,3.0,0.086,23,81,1.0002,3.48,0.74,11.6,6
500,7.8,0.52,0.25,1.9,0.081,14,38,0.9984,3.43,0.65,9.0,6
501,10.4,0.44,0.73,6.6,0.074,38,76,0.9990,3.17,0.85,12.0,7
502,10.4,0.44,0.73,6.6,0.074,38,76,0.9990,3.17,0.85,12.0,7
504,10.5,0.24,0.42,1.8,0.077,6,22,0.9976,3.21,1.05,10.8,7
505,10.2,0.49,0.63,2.9,0.072,10,26,0.9968,3.16,0.78,12.5,7
506,10.4,0.24,0.46,1.8,0.075,6,21,0.9976,3.25,1.02,10.8,7
507,11.2,0.67,0.55,2.3,0.084,6,13,1.0000,3.17,0.71,9.5,6
509,13.3,0.29,0.75,2.8,0.084,23,43,0.9986,3.04,0.68,11.4,7
511,10.0,0.59,0.31,2.2,0.090,26,62,0.9994,3.18,0.63,10.2,6
512,10.7,0.40,0.48,2.1,0.125,15,49,0.9980,3.03,0.81,9.7,6
513,10.5,0.51,0.64,2.4,0.107,6,15,0.9973,3.09,0.66,11.8,7
514,10.5,0.51,0.64,2.4,0.107,6,15,0.9973,3.09,0.66,11.8,7
515,8.5,0.66,0.49,6.1,0.122,34,151,1.0010,3.31,1.14,9.3,5
516,12.5,0.60,0.49,4.3,0.100,5,14,1.0010,3.25,0.74,11.9,6
517,10.4,0.61,0.49,2.1,0.200,5,16,0.9994,3.16,0.63,8.4,3
520,9.8,0.25,0.49,2.7,0.088,15,33,0.9982,3.42,0.90,10.0,6
523,9.3,0.40,0.49,2.5,0.085,38,142,0.9978,3.22,0.55,9.4,5
524,9.2,0.43,0.49,2.4,0.086,23,116,0.9976,3.23,0.64,9.5,5
527,7.0,0.38,0.49,2.5,0.097,33,85,0.9962,3.39,0.77,11.4,6
529,9.9,0.63,0.24,2.4,0.077,6,33,0.9974,3.09,0.57,9.4,5
530,9.1,0.22,0.24,2.1,0.078,1,28,0.9990,3.41,0.87,10.3,6
531,11.9,0.38,0.49,2.7,0.098,12,42,1.0004,3.16,0.61,10.3,5
532,11.9,0.38,0.49,2.7,0.098,12,42,1.0004,3.16,0.61,10.3,5
533,10.3,0.27,0.24,2.1,0.072,15,33,0.9956,3.22,0.66,12.8,6
534,10.0,0.48,0.24,2.7,0.102,13,32,1.0000,3.28,0.56,10.0,6
535,9.1,0.22,0.24,2.1,0.078,1,28,0.9990,3.41,0.87,10.3,6
536,9.9,0.63,0.24,2.4,0.077,6,33,0.9974,3.09,0.57,9.4,5
537,8.1,0.83,0.24,2.1,0.084,5,13,0.9972,3.37,0.77,10.7,6
538,12.9,0.35,0.49,5.8,0.066,5,35,1.0014,3.20,0.66,12.0,7
539,11.2,0.50,0.74,5.2,0.100,5,17,0.9996,3.22,0.62,11.2,5
540,9.2,0.59,0.24,3.3,0.101,20,47,0.9988,3.26,0.67,9.6,5
541,9.5,0.46,0.49,6.3,0.064,5,17,0.9988,3.21,0.73,11.0,6
542,9.3,0.72,0.24,2.1,0.070,5,20,0.9966,3.12,0.59,9.9,5
543,11.2,0.66,0.24,2.5,0.085,16,53,0.9993,3.06,0.72,11.0,6
544,14.3,0.31,0.74,1.8,0.075,6,15,1.0008,2.86,0.79,8.4,6
545,9.1,0.47,0.49,2.6,0.094,38,106,0.9982,3.08,0.59,9.1,5
546,7.5,0.55,0.24,2.0,0.078,10,28,0.9983,3.45,0.78,9.5,6
547,10.6,0.31,0.49,2.5,0.067,6,21,0.9987,3.26,0.86,10.7,6
548,12.4,0.35,0.49,2.6,0.079,27,69,0.9994,3.12,0.75,10.4,6
550,6.8,0.51,0.01,2.1,0.074,9,25,0.9958,3.33,0.56,9.5,6
551,9.4,0.43,0.24,2.8,0.092,14,45,0.9980,3.19,0.73,10.0,6
552,9.5,0.46,0.24,2.7,0.092,14,44,0.9980,3.12,0.74,10.0,6
553,5.0,1.04,0.24,1.6,0.050,32,96,0.9934,3.74,0.62,11.5,5
554,15.5,0.65,0.49,4.2,0.095,10,23,1.0032,2.92,0.74,11.1,5
556,10.9,0.53,0.49,4.6,0.118,10,17,1.0002,3.07,0.56,11.7,6
557,15.6,0.65,0.49,4.2,0.095,10,23,1.0032,2.92,0.74,11.1,5
559,13.0,0.47,0.49,4.3,0.085,6,47,1.0021,3.30,0.68,12.7,6
560,12.7,0.60,0.49,2.8,0.075,5,19,0.9994,3.14,0.57,11.4,5
562,9.0,0.54,0.49,2.9,0.094,41,110,0.9982,3.08,0.61,9.2,5
563,7.6,0.29,0.49,2.7,0.092,25,60,0.9971,3.31,0.61,10.1,6
564,13.0,0.47,0.49,4.3,0.085,6,47,1.0021,3.30,0.68,12.7,6
565,12.7,0.60,0.49,2.8,0.075,5,19,0.9994,3.14,0.57,11.4,5
567,8.7,0.70,0.24,2.5,0.226,5,15,0.9991,3.32,0.60,9.0,6
568,9.8,0.50,0.49,2.6,0.250,5,20,0.9990,3.31,0.79,10.7,6
569,6.2,0.36,0.24,2.2,0.095,19,42,0.9946,3.57,0.57,11.7,6
570,11.5,0.35,0.49,3.3,0.070,10,37,1.0003,3.32,0.91,11.0,6
572,10.2,0.24,0.49,2.4,0.075,10,28,0.9978,3.14,0.61,10.4,5
576,9.9,0.50,0.24,2.3,0.103,6,14,0.9978,3.34,0.52,10.0,4
577,8.8,0.44,0.49,2.8,0.083,18,111,0.9982,3.30,0.60,9.5,5
578,8.8,0.47,0.49,2.9,0.085,17,110,0.9982,3.29,0.60,9.8,5
579,10.6,0.31,0.49,2.2,0.063,18,40,0.9976,3.14,0.51,9.8,6
580,12.3,0.50,0.49,2.2,0.089,5,14,1.0002,3.19,0.44,9.6,5
581,12.3,0.50,0.49,2.2,0.089,5,14,1.0002,3.19,0.44,9.6,5
583,12.0,0.28,0.49,1.9,0.074,10,21,0.9976,2.98,0.66,9.9,7
587,7.3,0.73,0.24,1.9,0.108,18,102,0.9967,3.26,0.59,9.3,5
588,5.0,0.42,0.24,2.0,0.060,19,50,0.9917,3.72,0.74,14.0,8
590,9.0,0.45,0.49,2.6,0.084,21,75,0.9987,3.35,0.57,9.7,5
591,6.6,0.39,0.49,1.7,0.070,23,149,0.9922,3.12,0.50,11.5,6
592,9.0,0.45,0.49,2.6,0.084,21,75,0.9987,3.35,0.57,9.7,5
593,9.9,0.49,0.58,3.5,0.094,9,43,1.0004,3.29,0.58,9.0,5
595,8.9,0.60,0.41,7.9,0.086,30,109,0.9998,3.27,0.57,9.3,5
596,12.4,0.40,0.51,2.0,0.059,6,24,0.9994,3.04,0.60,9.3,6
598,8.5,0.59,0.18,2.1,0.078,5,30,0.9967,3.20,0.48,9.8,6
602,7.7,0.84,0.00,2.6,0.081,6,14,0.9975,3.30,0.52,9.3,5
604,8.3,0.58,0.13,2.9,0.096,14,63,0.9984,3.17,0.62,9.1,6
607,8.8,0.48,0.41,3.3,0.092,26,52,0.9982,3.31,0.53,10.5,6
608,10.1,0.65,0.37,5.1,0.110,11,65,1.0026,3.32,0.64,10.4,6
609,6.3,0.36,0.19,3.2,0.075,15,39,0.9956,3.56,0.52,12.7,6
610,8.8,0.24,0.54,2.5,0.083,25,57,0.9983,3.39,0.54,9.2,5
611,13.2,0.38,0.55,2.7,0.081,5,16,1.0006,2.98,0.54,9.4,5
612,7.5,0.64,0.00,2.4,0.077,18,29,0.9965,3.32,0.60,10.0,6
616,9.6,0.60,0.50,2.3,0.079,28,71,0.9997,3.50,0.57,9.7,5
617,11.5,0.31,0.51,2.2,0.079,14,28,0.9982,3.03,0.93,9.8,6
619,11.3,0.37,0.41,2.3,0.088,6,16,0.9988,3.09,0.80,9.3,5
620,8.3,0.54,0.24,3.4,0.076,16,112,0.9976,3.27,0.61,9.4,5
621,8.2,0.56,0.23,3.4,0.078,14,104,0.9976,3.28,0.62,9.4,5
622,10.0,0.58,0.22,1.9,0.080,9,32,0.9974,3.13,0.55,9.5,5
625,6.8,0.69,0.00,5.6,0.124,21,58,0.9997,3.46,0.72,10.2,5
626,8.8,0.60,0.29,2.2,0.098,5,15,0.9988,3.36,0.49,9.1,5
627,8.8,0.60,0.29,2.2,0.098,5,15,0.9988,3.36,0.49,9.1,5
628,8.7,0.54,0.26,2.5,0.097,7,31,0.9976,3.27,0.60,9.3,6
629,7.6,0.69,0.23,2.3,0.111,20,84,0.9964,3.21,0.61,9.3,5
630,8.7,0.54,0.26,2.5,0.097,7,31,0.9976,3.27,0.60,9.3,6
631,10.4,0.28,0.54,2.7,0.105,5,19,0.9988,3.25,0.63,9.5,5
632,7.6,0.41,0.14,3.0,0.087,21,43,0.9964,3.32,0.57,10.5,6
633,10.1,0.94,0.22,3.4,0.105,11,86,1.0010,3.43,0.64,11.3,4
634,7.9,0.35,0.21,1.9,0.073,46,102,0.9964,3.27,0.58,9.5,5
635,8.7,0.84,0.00,1.4,0.065,24,33,0.9954,3.27,0.55,9.7,5
636,9.6,0.88,0.28,2.4,0.086,30,147,0.9979,3.24,0.53,9.4,5
637,9.5,0.89,0.27,2.3,0.084,31,145,0.9978,3.24,0.53,9.4,5
639,8.9,0.29,0.35,1.9,0.067,25,57,0.9970,3.18,1.36,10.3,6
640,9.9,0.54,0.45,2.3,0.071,16,40,0.9991,3.39,0.62,9.4,5
642,9.9,0.54,0.45,2.3,0.071,16,40,0.9991,3.39,0.62,9.4,5
644,9.9,0.54,0.45,2.3,0.071,16,40,0.9991,3.39,0.62,9.4,5
647,8.3,0.85,0.01,2.2,0.070,5,14,0.9967,3.32,0.58,11.0,4
648,8.7,0.48,0.30,2.8,0.066,10,28,0.9964,3.33,0.67,11.2,7
649,6.7,0.42,0.27,8.6,0.068,24,148,0.9948,3.16,0.57,11.3,6
650,10.7,0.43,0.39,2.2,0.106,8,32,0.9986,2.89,0.50,9.6,5
652,15.9,0.36,0.65,7.5,0.096,22,71,0.9976,2.98,0.84,14.9,5
653,9.4,0.33,0.59,2.8,0.079,9,30,0.9976,3.12,0.54,12.0,6
654,8.6,0.47,0.47,2.4,0.074,7,29,0.9979,3.08,0.46,9.5,5
655,9.7,0.55,0.17,2.9,0.087,20,53,1.0004,3.14,0.61,9.4,5
656,10.7,0.43,0.39,2.2,0.106,8,32,0.9986,2.89,0.50,9.6,5
657,12.0,0.50,0.59,1.4,0.073,23,42,0.9980,2.92,0.68,10.5,7
658,7.2,0.52,0.07,1.4,0.074,5,20,0.9973,3.32,0.81,9.6,6
660,7.2,0.52,0.07,1.4,0.074,5,20,0.9973,3.32,0.81,9.6,6
661,7.5,0.42,0.31,1.6,0.080,15,42,0.9978,3.31,0.64,9.0,5
662,7.2,0.57,0.06,1.6,0.076,9,27,0.9972,3.36,0.70,9.6,6
665,9.4,0.59,0.14,2.0,0.084,25,48,0.9981,3.14,0.56,9.7,5
666,8.3,0.49,0.36,1.8,0.222,6,16,0.9980,3.18,0.60,9.5,6
667,11.3,0.34,0.45,2.0,0.082,6,15,0.9988,2.94,0.66,9.2,6
669,11.3,0.34,0.45,2.0,0.082,6,15,0.9988,2.94,0.66,9.2,6
671,8.2,0.73,0.21,1.7,0.074,5,13,0.9968,3.20,0.52,9.5,5
673,8.2,0.73,0.21,1.7,0.074,5,13,0.9968,3.20,0.52,9.5,5
676,10.8,0.40,0.41,2.2,0.084,7,17,0.9984,3.08,0.67,9.3,6
677,8.6,0.80,0.11,2.3,0.084,12,31,0.9979,3.40,0.48,9.9,5
678,8.3,0.78,0.10,2.6,0.081,45,87,0.9983,3.48,0.53,10.0,5
679,10.8,0.26,0.45,3.3,0.060,20,49,0.9972,3.13,0.54,9.6,5
681,8.0,0.45,0.23,2.2,0.094,16,29,0.9962,3.21,0.49,10.2,6
682,8.5,0.46,0.31,2.3,0.078,32,58,0.9980,3.33,0.54,9.8,5
683,8.1,0.78,0.23,2.6,0.059,5,15,0.9970,3.37,0.56,11.3,5
684,9.8,0.98,0.32,2.3,0.078,35,152,0.9980,3.25,0.48,9.4,5
685,8.1,0.78,0.23,2.6,0.059,5,15,0.9970,3.37,0.56,11.3,5
688,7.7,0.66,0.04,1.6,0.039,4,9,0.9962,3.40,0.47,9.4,5
689,8.1,0.38,0.48,1.8,0.157,5,17,0.9976,3.30,1.05,9.4,5
691,9.2,0.92,0.24,2.6,0.087,12,93,0.9998,3.48,0.54,9.8,5
692,8.6,0.49,0.51,2.0,0.422,16,62,0.9979,3.03,1.17,9.0,5
693,9.0,0.48,0.32,2.8,0.084,21,122,0.9984,3.32,0.62,9.4,5
694,9.0,0.47,0.31,2.7,0.084,24,125,0.9984,3.31,0.61,9.4,5
695,5.1,0.47,0.02,1.3,0.034,18,44,0.9921,3.90,0.62,12.8,6
697,7.0,0.65,0.02,2.1,0.066,8,25,0.9972,3.47,0.67,9.5,6
698,9.4,0.62,0.28,3.2,0.087,18,72,1.0001,3.31,0.53,9.7,5
699,11.8,0.38,0.55,2.1,0.071,5,19,0.9986,3.11,0.62,10.8,6
700,10.6,1.02,0.43,2.9,0.076,26,88,0.9984,3.08,0.57,10.1,6
701,7.0,0.65,0.02,2.1,0.066,8,25,0.9972,3.47,0.67,9.5,6
702,7.0,0.64,0.02,2.1,0.067,9,23,0.9970,3.47,0.67,9.4,6
703,7.5,0.38,0.48,2.6,0.073,22,84,0.9972,3.32,0.70,9.6,4
704,9.1,0.77,0.04,1.6,0.078,4,14,0.9980,3.29,0.54,9.7,4
705,8.4,1.04,0.15,6.0,0.073,11,54,0.9990,3.37,0.49,9.9,5
706,7.0,0.78,0.08,2.0,0.093,10,19,0.9956,3.40,0.47,10.0,5
707,7.4,0.49,0.19,3.0,0.077,16,37,0.9966,3.37,0.51,10.5,5
708,7.8,0.55,0.12,2.5,0.068,11,35,0.9960,3.34,0.61,11.6,6
710,10.6,1.03,0.43,2.8,0.080,21,84,0.9985,3.06,0.57,10.1,5
711,8.9,0.57,0.34,3.0,0.093,16,112,0.9998,3.38,0.61,9.5,5
714,9.9,0.74,0.28,2.6,0.078,21,77,0.9980,3.28,0.51,9.8,5
717,7.6,0.46,0.11,2.6,0.079,12,49,0.9968,3.21,0.57,10.0,5
718,8.4,0.56,0.04,2.0,0.082,10,22,0.9976,3.22,0.44,9.6,5
719,7.1,0.66,0.00,3.9,0.086,17,45,0.9976,3.46,0.54,9.5,5
720,8.4,0.56,0.04,2.0,0.082,10,22,0.9976,3.22,0.44,9.6,5
721,8.9,0.48,0.24,2.9,0.094,35,106,0.9982,3.10,0.53,9.2,5
723,7.1,0.31,0.30,2.2,0.053,36,127,0.9965,2.94,1.62,9.5,5
725,9.0,0.66,0.17,3.0,0.077,5,13,0.9976,3.29,0.55,10.4,5
726,8.1,0.72,0.09,2.8,0.084,18,49,0.9994,3.43,0.72,11.1,6
727,6.4,0.57,0.02,1.8,0.067,4,11,0.9970,3.46,0.68,9.5,5
728,6.4,0.57,0.02,1.8,0.067,4,11,0.9970,3.46,0.68,9.5,5
729,6.4,0.87,0.03,3.2,0.071,27,58,0.9950,3.61,0.49,12.7,6
730,9.5,0.55,0.66,2.3,0.387,12,37,0.9982,3.17,0.67,9.6,5
731,8.9,0.88,0.13,3.5,0.088,4,14,0.9994,3.44,0.52,11.5,5
732,7.3,0.84,0.03,2.1,0.092,10,19,0.9966,3.39,0.47,9.6,5
733,7.0,0.45,0.34,2.7,0.082,16,72,0.9980,3.55,0.60,9.5,5
734,7.7,0.56,0.20,2.0,0.075,9,39,0.9987,3.48,0.62,9.3,5
736,7.7,0.97,0.10,2.1,0.112,11,22,0.9963,3.26,0.50,9.5,5
737,8.2,0.59,0.00,2.5,0.093,19,58,1.0002,3.50,0.65,9.3,6
739,9.0,0.69,0.00,2.4,0.088,19,38,0.9990,3.35,0.60,9.3,5
740,8.3,0.76,0.29,4.2,0.075,12,16,0.9965,3.45,0.68,11.5,6
741,9.2,0.53,0.24,2.6,0.078,28,139,0.9979,3.21,0.57,9.5,5
744,11.1,0.39,0.54,2.7,0.095,21,101,1.0001,3.13,0.51,9.5,5
745,7.3,0.51,0.18,2.1,0.070,12,28,0.9977,3.52,0.73,9.5,6
746,8.2,0.34,0.38,2.5,0.080,12,57,0.9978,3.30,0.47,9.0,6
748,7.2,0.50,0.18,2.1,0.071,12,31,0.9976,3.52,0.72,9.6,6
749,7.3,0.51,0.18,2.1,0.070,12,28,0.9977,3.52,0.73,9.5,6
750,8.3,0.65,0.10,2.9,0.089,17,40,0.9980,3.29,0.55,9.5,5
752,7.6,0.54,0.13,2.5,0.097,24,66,0.9979,3.39,0.61,9.4,5
753,8.3,0.65,0.10,2.9,0.089,17,40,0.9980,3.29,0.55,9.5,5
754,7.8,0.48,0.68,1.7,0.415,14,32,0.9966,3.09,1.06,9.1,6
755,7.8,0.91,0.07,1.9,0.058,22,47,0.9953,3.51,0.43,10.7,6
756,6.3,0.98,0.01,2.0,0.057,15,33,0.9949,3.60,0.46,11.2,6
757,8.1,0.87,0.00,2.2,0.084,10,31,0.9966,3.25,0.50,9.8,5
758,8.1,0.87,0.00,2.2,0.084,10,31,0.9966,3.25,0.50,9.8,5
759,8.8,0.42,0.21,2.5,0.092,33,88,0.9982,3.19,0.52,9.2,5
760,9.0,0.58,0.25,2.8,0.075,9,104,0.9978,3.23,0.57,9.7,5
761,9.3,0.66,0.26,2.0,0.096,5,35,0.9974,3.25,0.42,9.6,5
762,8.8,0.70,0.00,1.7,0.069,8,19,0.9970,3.31,0.53,10.0,6
764,9.1,0.68,0.11,2.8,0.093,11,44,0.9989,3.31,0.55,9.5,6
765,9.2,0.67,0.10,3.0,0.091,12,48,0.9989,3.31,0.54,9.5,6
766,8.8,0.59,0.18,2.9,0.089,12,74,0.9974,3.14,0.54,9.4,5
768,7.1,0.59,0.02,2.3,0.082,24,94,0.9974,3.55,0.53,9.7,6
769,7.9,0.72,0.01,1.9,0.076,7,32,0.9967,3.39,0.54,9.6,5
770,7.1,0.59,0.02,2.3,0.082,24,94,0.9974,3.55,0.53,9.7,6
771,9.4,0.69,0.26,2.4,0.082,23,143,0.9978,3.28,0.55,9.4,5
772,9.5,0.57,0.27,2.3,0.082,23,144,0.9978,3.27,0.55,9.4,5
773,7.9,0.40,0.29,1.8,0.157,1,44,0.9973,3.30,0.92,9.5,6
775,7.2,1.00,0.00,3.0,0.102,7,16,0.9959,3.43,0.46,10.0,5
777,6.9,0.64,0.17,2.4,0.241,6,18,0.9961,3.40,0.59,10.3,6
778,8.3,0.43,0.30,3.4,0.079,7,34,0.9979,3.36,0.61,10.5,5
779,7.1,0.52,0.03,2.6,0.076,21,92,0.9975,3.50,0.60,9.8,5
780,7.0,0.57,0.00,2.0,0.190,12,45,0.9968,3.31,0.60,9.4,6
781,6.5,0.46,0.14,2.4,0.114,9,37,0.9973,3.66,0.65,9.8,5
784,7.1,0.59,0.01,2.5,0.077,20,85,0.9975,3.55,0.59,9.8,5
785,9.9,0.35,0.41,2.3,0.083,11,61,0.9982,3.21,0.50,9.5,5
787,10.0,0.56,0.24,2.2,0.079,19,58,0.9991,3.18,0.56,10.1,6
788,10.0,0.56,0.24,2.2,0.079,19,58,0.9991,3.18,0.56,10.1,6
789,8.6,0.63,0.17,2.9,0.099,21,119,0.9980,3.09,0.52,9.3,5
790,7.4,0.37,0.43,2.6,0.082,18,82,0.9971,3.33,0.68,9.7,6
791,8.8,0.64,0.17,2.9,0.084,25,130,0.9982,3.23,0.54,9.6,5
792,7.1,0.61,0.02,2.5,0.081,17,87,0.9975,3.48,0.60,9.7,6
793,7.7,0.60,0.00,2.6,0.055,7,13,0.9964,3.38,0.56,10.8,5
794,10.1,0.27,0.54,2.3,0.065,7,26,0.9953,3.17,0.53,12.5,6
795,10.8,0.89,0.30,2.6,0.132,7,60,0.9979,2.99,1.18,10.2,5
796,8.7,0.46,0.31,2.5,0.126,24,64,0.9975,3.10,0.74,9.6,5
797,9.3,0.37,0.44,1.6,0.038,21,42,0.9953,3.24,0.81,10.8,7
799,9.4,0.50,0.34,3.6,0.082,5,14,0.9987,3.29,0.52,10.7,6
801,8.6,0.55,0.09,3.3,0.068,8,17,0.9974,3.23,0.44,10.0,5
802,5.1,0.59,0.00,1.7,0.044,14,86,0.9926,3.56,0.94,12.9,7
803,7.7,0.56,0.08,2.5,0.114,14,46,0.9971,3.24,0.66,9.6,6
804,8.4,0.52,0.22,2.7,0.084,4,18,0.9968,3.26,0.57,9.9,6
806,8.4,0.25,0.39,2.0,0.041,4,10,0.9939,3.27,0.71,12.5,7
808,7.4,0.53,0.12,1.9,0.165,4,12,0.9970,3.26,0.86,9.2,5
809,7.6,0.48,0.31,2.8,0.070,4,15,0.9969,3.22,0.55,10.3,6
810,7.3,0.49,0.10,2.6,0.068,4,14,0.9956,3.30,0.47,10.5,5
811,12.9,0.50,0.55,2.8,0.072,7,24,1.0001,3.09,0.68,10.9,6
813,6.9,0.39,0.24,2.1,0.102,4,7,0.9946,3.44,0.58,11.4,4
814,12.6,0.41,0.54,2.8,0.103,19,41,0.9994,3.21,0.76,11.3,6
819,9.1,0.66,0.15,3.2,0.097,9,59,0.9998,3.28,0.54,9.6,5
820,7.0,0.69,0.00,1.9,0.099,9,22,0.9961,3.34,0.60,9.7,5
821,4.9,0.42,0.00,2.1,0.048,16,42,0.9915,3.71,0.74,14.0,7
823,6.7,0.54,0.13,2.0,0.076,15,36,0.9973,3.61,0.64,9.8,5
824,7.1,0.48,0.28,2.8,0.068,6,16,0.9968,3.24,0.53,10.3,5
826,7.5,0.27,0.34,2.3,0.050,4,8,0.9951,3.40,0.64,11.0,7
827,7.1,0.46,0.14,2.8,0.076,15,37,0.9962,3.36,0.49,10.7,5
830,7.5,0.69,0.07,2.5,0.058,5,9,0.9963,3.38,0.55,10.9,4
831,5.9,0.61,0.08,2.1,0.071,16,24,0.9938,3.56,0.77,11.1,6
833,11.6,0.47,0.44,1.6,0.147,36,51,0.9984,3.38,0.86,9.9,4
836,6.7,0.28,0.28,2.4,0.012,36,100,0.9906,3.26,0.39,11.7,7
837,6.7,0.28,0.28,2.4,0.012,36,100,0.9906,3.26,0.39,11.7,7
838,10.1,0.31,0.35,1.6,0.075,9,28,0.9967,3.24,0.83,11.2,7
841,6.6,0.66,0.00,3.0,0.115,21,31,0.9963,3.45,0.63,10.3,5
842,10.6,0.50,0.45,2.6,0.119,34,68,0.9971,3.23,0.72,10.9,6
843,7.1,0.69,0.35,2.0,0.088,9,92,0.9963,3.28,0.62,9.4,5
846,6.4,0.64,0.21,1.8,0.081,14,31,0.9969,3.59,0.66,9.8,5
847,7.4,0.68,0.16,1.8,0.078,12,39,0.9977,3.50,0.70,9.9,6
848,6.4,0.64,0.21,1.8,0.081,14,31,0.9969,3.59,0.66,9.8,5
850,9.3,0.43,0.44,1.9,0.085,9,22,0.9971,3.28,0.55,9.5,5
851,9.3,0.43,0.44,1.9,0.085,9,22,0.9971,3.28,0.55,9.5,5
853,9.3,0.36,0.39,1.5,0.080,41,55,0.9965,3.47,0.73,10.9,6
854,9.3,0.36,0.39,1.5,0.080,41,55,0.9965,3.47,0.73,10.9,6
856,9.3,0.36,0.39,1.5,0.080,41,55,0.9965,3.47,0.73,10.9,6
857,8.2,0.26,0.34,2.5,0.073,16,47,0.9959,3.40,0.78,11.3,7
858,11.7,0.28,0.47,1.7,0.054,17,32,0.9969,3.15,0.67,10.6,7
860,7.2,0.62,0.06,2.7,0.077,15,85,0.9975,3.51,0.54,9.5,5
862,7.5,0.42,0.32,2.7,0.067,7,25,0.9963,3.24,0.44,10.4,5
863,7.2,0.62,0.06,2.5,0.078,17,84,0.9975,3.51,0.53,9.7,5
865,7.2,0.64,0.07,2.6,0.077,16,86,0.9975,3.51,0.54,9.7,5
871,6.9,0.56,0.03,1.5,0.086,36,46,0.9952,3.53,0.57,10.6,5
872,7.3,0.35,0.24,2.0,0.067,28,48,0.9958,3.43,0.54,10.0,4
875,8.8,0.31,0.40,2.8,0.109,7,16,0.9961,3.31,0.79,11.8,7
877,7.7,0.72,0.01,2.1,0.064,31,43,0.9937,3.41,0.57,11.8,6
881,7.6,0.72,0.00,2.1,0.068,30,35,0.9953,3.48,0.65,11.4,6
882,8.4,0.31,0.29,3.1,0.194,14,26,0.9954,3.22,0.78,12.0,6
884,8.8,0.61,0.19,4.0,0.094,30,69,0.9979,3.22,0.50,10.0,6
885,8.9,0.75,0.14,2.5,0.086,9,30,0.9982,3.34,0.64,10.5,5
886,9.0,0.80,0.12,2.4,0.083,8,28,0.9984,3.33,0.65,10.4,6
888,6.8,0.57,0.00,2.5,0.072,32,64,0.9949,3.43,0.56,11.2,6
889,10.7,0.90,0.34,6.6,0.112,23,99,1.0029,3.22,0.68,9.3,5
891,7.2,0.66,0.03,2.3,0.078,16,86,0.9974,3.53,0.57,9.7,5
892,10.1,0.45,0.23,1.9,0.082,10,18,0.9977,3.22,0.65,9.3,6
893,7.2,0.66,0.03,2.3,0.078,16,86,0.9974,3.53,0.57,9.7,5
894,7.2,0.63,0.03,2.2,0.080,17,88,0.9975,3.53,0.58,9.8,6
895,7.1,0.59,0.01,2.3,0.080,27,43,0.9955,3.42,0.58,10.7,6
896,8.3,0.31,0.39,2.4,0.078,17,43,0.9944,3.31,0.77,12.5,7
897,7.1,0.59,0.01,2.3,0.080,27,43,0.9955,3.42,0.58,10.7,6
898,8.3,0.31,0.39,2.4,0.078,17,43,0.9944,3.31,0.77,12.5,7
900,8.9,0.31,0.36,2.6,0.056,10,39,0.9956,3.40,0.69,11.8,5
901,7.4,0.64,0.10,2.4,0.080,16,33,0.9974,3.58,0.69,10.8,7
902,7.4,0.64,0.10,2.4,0.080,16,33,0.9974,3.58,0.69,10.8,7
904,6.8,0.59,0.06,6.0,0.060,11,18,0.9962,3.41,0.59,10.8,7
906,7.2,0.54,0.27,2.6,0.084,12,78,0.9964,3.39,0.71,11.0,5
907,6.1,0.56,0.00,2.2,0.079,6,9,0.9948,3.59,0.54,11.5,6
908,7.4,0.52,0.13,2.4,0.078,34,61,0.9953,3.43,0.59,10.8,6
910,9.3,0.38,0.48,3.8,0.132,3,11,0.9958,3.23,0.57,13.2,6
911,9.1,0.28,0.46,9.0,0.114,3,9,0.9990,3.18,0.60,10.9,6
912,10.0,0.46,0.44,2.9,0.065,4,8,0.9967,3.33,0.62,12.2,6
915,8.6,0.32,0.40,2.2,0.079,3,6,0.9951,3.27,0.67,11.9,6
916,5.3,0.72,0.19,1.5,0.161,7,62,0.9940,3.62,0.61,11.0,5
917,6.8,0.41,0.31,8.8,0.084,26,45,0.9982,3.38,0.64,10.1,6
918,8.4,0.36,0.32,2.2,0.081,32,79,0.9964,3.30,0.72,11.0,6
919,8.4,0.62,0.12,1.8,0.072,38,46,0.9950,3.38,0.89,11.8,6
920,9.6,0.41,0.37,2.3,0.091,10,23,0.9979,3.24,0.56,10.5,5
922,8.4,0.62,0.12,1.8,0.072,38,46,0.9950,3.38,0.89,11.8,6
924,8.6,0.47,0.27,2.3,0.055,14,28,0.9952,3.18,0.80,11.2,5
925,8.6,0.22,0.36,1.9,0.064,53,77,0.9960,3.47,0.87,11.0,7
926,9.4,0.24,0.33,2.3,0.061,52,73,0.9979,3.47,0.90,10.2,6
927,8.4,0.67,0.19,2.2,0.093,11,75,0.9974,3.20,0.59,9.2,4
928,8.6,0.47,0.27,2.3,0.055,14,28,0.9952,3.18,0.80,11.2,5
929,8.7,0.33,0.38,3.3,0.063,10,19,0.9947,3.30,0.73,12.0,7
931,7.4,0.61,0.01,2.0,0.074,13,38,0.9975,3.48,0.65,9.8,5
932,7.6,0.40,0.29,1.9,0.078,29,66,0.9971,3.45,0.59,9.5,6
934,6.6,0.61,0.01,1.9,0.080,8,25,0.9975,3.69,0.73,10.5,5
936,8.8,0.30,0.38,2.3,0.060,19,72,0.9954,3.39,0.72,11.8,6
939,6.2,0.46,0.17,1.6,0.073,7,11,0.9943,3.61,0.54,11.4,5
941,9.9,0.27,0.49,5.0,0.082,9,17,0.9948,3.19,0.52,12.5,7
942,10.1,0.43,0.40,2.6,0.092,13,52,0.9983,3.22,0.64,10.0,7
944,8.3,0.30,0.49,3.8,0.090,11,24,0.9950,3.27,0.64,12.1,7
946,10.2,0.44,0.58,4.1,0.092,11,24,0.9975,3.29,0.99,12.0,7
947,8.3,0.28,0.48,2.1,0.093,6,12,0.9941,3.26,0.62,12.4,7
949,8.9,0.12,0.45,1.8,0.075,10,21,0.9955,3.41,0.76,11.9,7
950,8.9,0.12,0.45,1.8,0.075,10,21,0.9955,3.41,0.76,11.9,7
951,8.3,0.28,0.48,2.1,0.093,6,12,0.9941,3.26,0.62,12.4,7
952,8.2,0.31,0.40,2.2,0.058,6,10,0.9954,3.31,0.68,11.2,7
953,10.2,0.34,0.48,2.1,0.052,5,9,0.9946,3.20,0.69,12.1,7
955,8.5,0.21,0.52,1.9,0.090,9,23,0.9965,3.36,0.67,10.4,5
956,9.0,0.36,0.52,2.1,0.111,5,10,0.9957,3.31,0.62,11.3,6
958,6.4,0.57,0.12,2.3,0.120,25,36,0.9952,3.47,0.71,11.3,7
960,8.5,0.47,0.27,1.9,0.058,18,38,0.9952,3.16,0.85,11.1,6
961,7.1,0.56,0.14,1.6,0.078,7,18,0.9959,3.27,0.62,9.3,5
962,6.6,0.57,0.02,2.1,0.115,6,16,0.9965,3.38,0.69,9.5,5
964,8.5,0.47,0.27,1.9,0.058,18,38,0.9952,3.16,0.85,11.1,6
967,8.5,0.66,0.20,2.1,0.097,23,113,0.9973,3.13,0.48,9.2,5
968,9.0,0.40,0.43,2.4,0.068,29,46,0.9943,3.20,0.60,12.2,6
971,10.4,0.26,0.48,1.9,0.066,6,10,0.9972,3.33,0.87,10.9,6
974,8.8,0.33,0.41,5.9,0.073,7,13,0.9966,3.30,0.62,12.1,7
975,7.2,0.41,0.30,2.1,0.083,35,72,0.9970,3.44,0.52,9.4,5
977,8.4,0.59,0.29,2.6,0.109,31,119,0.9980,3.15,0.50,9.1,5
978,7.0,0.40,0.32,3.6,0.061,9,29,0.9942,3.28,0.49,11.3,7
980,9.1,0.50,0.30,1.9,0.065,8,17,0.9977,3.32,0.71,10.5,6
981,9.5,0.86,0.26,1.9,0.079,13,28,0.9971,3.25,0.62,10.0,5
982,7.3,0.52,0.32,2.1,0.070,51,70,0.9942,3.34,0.82,12.9,6
983,9.1,0.50,0.30,1.9,0.065,8,17,0.9977,3.32,0.71,10.5,6
985,7.4,0.58,0.00,2.0,0.064,7,11,0.9956,3.45,0.58,11.3,6
987,7.1,0.36,0.30,1.6,0.080,35,70,0.9969,3.44,0.50,9.4,5
988,7.7,0.39,0.12,1.7,0.097,19,27,0.9960,3.16,0.49,9.4,5
989,9.7,0.30,0.40,1.5,0.073,14,21,0.9956,3.14,0.51,10.9,6
990,7.7,0.39,0.12,1.7,0.097,19,27,0.9960,3.16,0.49,9.4,5
991,7.1,0.34,0.28,2.0,0.082,31,68,0.9969,3.45,0.48,9.4,5
993,7.1,0.34,0.28,2.0,0.082,31,68,0.9969,3.45,0.48,9.4,5
995,7.7,0.60,0.06,2.0,0.079,19,41,0.9970,3.39,0.62,10.1,6
998,8.9,0.84,0.34,1.4,0.050,4,10,0.9955,3.12,0.48,9.1,6
999,6.4,0.69,0.00,1.7,0.055,7,12,0.9916,3.47,0.53,12.9,6
1000,7.5,0.43,0.30,2.2,0.062,6,12,0.9950,3.44,0.72,11.5,7
1004,8.2,0.43,0.29,1.6,0.081,27,45,0.9960,3.25,0.54,10.3,5
1005,6.8,0.36,0.32,1.8,0.067,4,8,0.9928,3.36,0.55,12.8,7
1006,9.1,0.29,0.33,2.1,0.063,13,27,0.9952,3.26,0.84,11.7,7
1007,9.1,0.30,0.34,2.0,0.064,12,25,0.9952,3.26,0.84,11.7,7
1008,8.9,0.35,0.40,3.6,0.110,12,24,0.9955,3.23,0.70,12.0,7
1010,8.9,0.28,0.45,1.7,0.067,7,12,0.9935,3.25,0.55,12.3,7
1011,8.9,0.32,0.31,2.0,0.088,12,19,0.9957,3.17,0.55,10.4,6
1012,7.7,1.01,0.15,2.1,0.102,11,32,0.9960,3.23,0.48,10.0,5
1013,7.5,0.71,0.00,1.6,0.092,22,31,0.9964,3.38,0.58,10.0,6
1014,8.0,0.58,0.16,2.0,0.120,3,7,0.9945,3.22,0.58,11.2,6
1016,8.9,0.38,0.40,2.2,0.068,12,28,0.9949,3.27,0.75,12.6,7
1018,8.0,0.18,0.37,0.9,0.049,36,109,0.9901,2.89,0.44,12.7,6
1019,7.0,0.50,0.14,1.8,0.078,10,23,0.9964,3.53,0.61,10.4,5
1020,11.3,0.36,0.66,2.4,0.123,3,8,0.9964,3.20,0.53,11.9,6
1021,11.3,0.36,0.66,2.4,0.123,3,8,0.9964,3.20,0.53,11.9,6
1022,7.0,0.51,0.09,2.1,0.062,4,9,0.9958,3.35,0.54,10.5,5
1023,8.2,0.32,0.42,2.3,0.098,3,9,0.9951,3.27,0.55,12.3,6
1024,7.7,0.58,0.01,1.8,0.088,12,18,0.9957,3.32,0.56,10.5,7
1025,8.6,0.83,0.00,2.8,0.095,17,43,0.9982,3.33,0.60,10.4,6
1026,7.9,0.31,0.32,1.9,0.066,14,36,0.9936,3.41,0.56,12.6,6
1027,6.4,0.80,0.00,2.2,0.065,28,52,0.9938,3.49,0.52,11.6,5
1029,7.7,0.58,0.01,1.8,0.088,12,18,0.9957,3.32,0.56,10.5,7
1032,8.1,0.82,0.00,4.1,0.095,5,14,0.9985,3.36,0.53,9.6,5
1034,8.9,0.75,0.18,2.5,0.077,15,48,0.9974,3.20,0.47,9.7,6
1035,10.1,0.37,0.34,2.4,0.085,5,17,0.9968,3.17,0.65,10.6,7
1036,7.6,0.31,0.34,2.5,0.082,26,35,0.9936,3.22,0.59,12.5,7
1038,8.7,0.41,0.41,6.2,0.078,25,42,0.9953,3.24,0.77,12.6,7
1039,8.9,0.50,0.21,2.2,0.088,21,39,0.9969,3.33,0.83,11.1,6
1041,6.9,0.49,0.19,1.7,0.079,13,26,0.9955,3.38,0.64,9.8,6
1044,6.4,0.39,0.33,3.3,0.046,12,53,0.9929,3.36,0.62,12.2,6
1045,6.9,0.44,0.00,1.4,0.070,32,38,0.9944,3.32,0.58,11.4,6
1046,7.6,0.78,0.00,1.7,0.076,33,45,0.9961,3.31,0.62,10.7,6
1047,7.1,0.43,0.17,1.8,0.082,27,51,0.9963,3.49,0.64,10.4,5
1048,9.3,0.49,0.36,1.7,0.081,3,14,0.9970,3.27,0.78,10.9,6
1049,9.3,0.50,0.36,1.8,0.084,6,17,0.9970,3.27,0.77,10.8,6
1051,8.5,0.46,0.59,1.4,0.414,16,45,0.9970,3.03,1.34,9.2,5
1052,5.6,0.61,0.05,2.4,0.073,19,25,0.9926,3.56,0.55,12.9,5
1053,8.3,0.33,0.42,2.3,0.070,9,20,0.9943,3.38,0.77,12.7,7
1055,8.2,0.64,0.27,2.0,0.095,5,77,0.9975,3.13,0.62,9.1,6
1056,8.9,0.48,0.53,4.0,0.101,3,10,0.9959,3.21,0.59,12.1,7
1057,7.6,0.42,0.25,3.9,0.104,28,90,0.9978,3.15,0.57,9.1,5
1058,9.9,0.53,0.57,2.4,0.093,30,52,0.9971,3.19,0.76,11.6,7
1059,8.9,0.48,0.53,4.0,0.101,3,10,0.9959,3.21,0.59,12.1,7
1060,11.6,0.23,0.57,1.8,0.074,3,8,0.9981,3.14,0.70,9.9,6
1061,9.1,0.40,0.50,1.8,0.071,7,16,0.9946,3.21,0.69,12.5,8
1062,8.0,0.38,0.44,1.9,0.098,6,15,0.9956,3.30,0.64,11.4,6
1063,10.2,0.29,0.65,2.4,0.075,6,17,0.9957,3.22,0.63,11.8,6
1064,8.2,0.74,0.09,2.0,0.067,5,10,0.9942,3.28,0.57,11.8,6
1065,7.7,0.61,0.18,2.4,0.083,6,20,0.9963,3.29,0.60,10.2,6
1066,6.6,0.52,0.08,2.4,0.070,13,26,0.9936,3.40,0.72,12.5,7
1067,11.1,0.31,0.53,2.2,0.060,3,10,0.9957,3.02,0.83,10.9,7
1069,8.0,0.62,0.35,2.8,0.086,28,52,0.9970,3.31,0.62,10.8,5
1070,9.3,0.33,0.45,1.5,0.057,19,37,0.9950,3.18,0.89,11.1,7
1071,7.5,0.77,0.20,8.1,0.098,30,92,0.9989,3.20,0.58,9.2,5
1073,8.0,0.62,0.33,2.7,0.088,16,37,0.9972,3.31,0.58,10.7,6
1076,9.9,0.32,0.56,2.0,0.073,3,8,0.9953,3.15,0.73,11.4,6
1078,8.6,0.37,0.65,6.4,0.080,3,8,0.9982,3.27,0.58,11.0,5
1079,7.9,0.30,0.68,8.3,0.050,38,278,0.9932,3.01,0.51,12.3,7
1081,7.9,0.30,0.68,8.3,0.050,38,289,0.9932,3.01,0.51,12.3,7
1082,7.2,0.38,0.30,1.8,0.073,31,70,0.9969,3.42,0.59,9.5,6
1083,8.7,0.42,0.45,2.4,0.072,32,59,0.9962,3.33,0.77,12.0,6
1085,6.8,0.48,0.08,1.8,0.074,40,64,0.9953,3.12,0.49,9.6,5
1086,8.5,0.34,0.40,4.7,0.055,3,9,0.9974,3.38,0.66,11.6,7
1087,7.9,0.19,0.42,1.6,0.057,18,30,0.9940,3.29,0.69,11.2,6
1088,11.6,0.41,0.54,1.5,0.095,22,41,0.9974,3.02,0.76,9.9,7
1089,11.6,0.41,0.54,1.5,0.095,22,41,0.9974,3.02,0.76,9.9,7
1090,10.0,0.26,0.54,1.9,0.083,42,74,0.9945,2.98,0.63,11.8,8
1091,7.9,0.34,0.42,2.0,0.086,8,19,0.9955,3.35,0.60,11.4,6
1092,7.0,0.54,0.09,2.0,0.081,10,16,0.9948,3.43,0.59,11.5,6
1093,9.2,0.31,0.36,2.2,0.079,11,31,0.9962,3.33,0.86,12.0,7
1094,6.6,0.73,0.09,5.5,0.117,9,17,0.9966,3.35,0.49,10.8,6
1096,6.6,0.73,0.09,5.5,0.117,9,17,0.9966,3.35,0.49,10.8,6
1099,8.6,0.52,0.38,1.5,0.096,5,18,0.9967,3.20,0.52,9.4,5
1100,8.4,0.34,0.42,2.1,0.072,23,36,0.9939,3.11,0.78,12.4,6
1101,7.4,0.49,0.27,2.1,0.071,14,25,0.9939,3.35,0.63,12.0,6
1103,7.4,0.49,0.27,2.1,0.071,14,25,0.9939,3.35,0.63,12.0,6
1104,8.0,0.48,0.34,2.2,0.073,16,25,0.9936,3.28,0.66,12.4,6
1105,6.3,0.57,0.28,2.1,0.048,13,49,0.9937,3.41,0.60,12.8,5
1107,9.1,0.30,0.41,2.0,0.068,10,24,0.9952,3.27,0.85,11.7,7
1108,8.1,0.78,0.10,3.3,0.090,4,13,0.9986,3.36,0.49,9.5,5
1109,10.8,0.47,0.43,2.1,0.171,27,66,0.9982,3.17,0.76,10.8,6
1110,8.3,0.53,0.00,1.4,0.070,6,14,0.9959,3.25,0.64,10.0,6
1111,5.4,0.42,0.27,2.0,0.092,23,55,0.9947,3.78,0.64,12.3,7
1112,7.9,0.33,0.41,1.5,0.056,6,35,0.9940,3.29,0.71,11.0,6
1114,5.0,0.40,0.50,4.3,0.046,29,80,0.9902,3.49,0.66,13.6,6
1115,7.0,0.69,0.07,2.5,0.091,15,21,0.9957,3.38,0.60,11.3,6
1116,7.0,0.69,0.07,2.5,0.091,15,21,0.9957,3.38,0.60,11.3,6
1117,7.0,0.69,0.07,2.5,0.091,15,21,0.9957,3.38,0.60,11.3,6
1118,7.1,0.39,0.12,2.1,0.065,14,24,0.9925,3.30,0.53,13.3,6
1119,5.6,0.66,0.00,2.5,0.066,7,15,0.9926,3.52,0.58,12.9,5
1120,7.9,0.54,0.34,2.5,0.076,8,17,0.9924,3.20,0.72,13.1,8
1122,6.3,0.47,0.00,1.4,0.055,27,33,0.9922,3.45,0.48,12.3,6
1125,8.8,0.24,0.35,1.7,0.055,13,27,0.9939,3.14,0.59,11.3,7
1127,6.3,0.76,0.00,2.9,0.072,26,52,0.9938,3.51,0.60,11.5,6
1128,10.0,0.43,0.33,2.7,0.095,28,89,0.9984,3.22,0.68,10.0,5
1130,9.1,0.60,0.00,1.9,0.058,5,10,0.9977,3.18,0.63,10.4,6
1132,7.4,0.36,0.34,1.8,0.075,18,38,0.9933,3.38,0.88,13.6,7
1133,7.2,0.48,0.07,5.5,0.089,10,18,0.9968,3.37,0.68,11.2,7
1134,8.5,0.28,0.35,1.7,0.061,6,15,0.9952,3.30,0.74,11.8,7
1135,8.0,0.25,0.43,1.7,0.067,22,50,0.9946,3.38,0.60,11.9,6
1136,10.4,0.52,0.45,2.0,0.080,6,13,0.9977,3.22,0.76,11.4,6
1138,7.5,0.41,0.15,3.7,0.104,29,94,0.9979,3.14,0.58,9.1,5
1139,8.2,0.51,0.24,2.0,0.079,16,86,0.9976,3.34,0.64,9.5,6
1140,7.3,0.40,0.30,1.7,0.080,33,79,0.9969,3.41,0.65,9.5,6
1141,8.2,0.38,0.32,2.5,0.080,24,71,0.9962,3.27,0.85,11.0,6
1142,6.9,0.45,0.11,2.4,0.043,6,12,0.9935,3.30,0.65,11.4,6
1143,7.0,0.22,0.30,1.8,0.065,16,20,0.9967,3.61,0.82,10.0,6
1144,7.3,0.32,0.23,2.3,0.066,35,70,0.9959,3.43,0.62,10.1,5
1145,8.2,0.20,0.43,2.5,0.076,31,51,0.9967,3.53,0.81,10.4,6
1146,7.8,0.50,0.12,1.8,0.178,6,21,0.9960,3.28,0.87,9.8,6
1147,10.0,0.41,0.45,6.2,0.071,6,14,0.9970,3.21,0.49,11.8,7
1148,7.8,0.39,0.42,2.0,0.086,9,21,0.9953,3.39,0.66,11.6,6
1149,10.0,0.35,0.47,2.0,0.061,6,11,0.9959,3.23,0.52,12.0,6
1151,6.1,0.58,0.23,2.5,0.044,16,70,0.9935,3.46,0.65,12.5,6
1152,8.3,0.60,0.25,2.2,0.118,9,38,0.9962,3.15,0.53,9.8,5
1153,9.6,0.42,0.35,2.1,0.083,17,38,0.9962,3.23,0.66,11.1,6
1155,8.3,0.60,0.25,2.2,0.118,9,38,0.9962,3.15,0.53,9.8,5
1156,8.5,0.18,0.51,1.8,0.071,45,88,0.9952,3.33,0.76,11.8,7
1157,5.1,0.51,0.18,2.1,0.042,16,101,0.9924,3.46,0.87,12.9,7
1162,8.5,0.32,0.42,2.3,0.075,12,19,0.9943,3.14,0.71,11.8,7
1164,9.0,0.79,0.24,1.7,0.078,10,21,0.9969,3.29,0.67,10.0,5
1167,8.2,0.33,0.39,2.5,0.074,29,48,0.9953,3.32,0.88,12.4,7
1168,6.5,0.34,0.27,2.8,0.067,8,44,0.9938,3.21,0.56,12.0,6
1169,7.6,0.50,0.29,2.3,0.086,5,14,0.9950,3.32,0.62,11.5,6
1170,9.2,0.36,0.34,1.6,0.062,5,12,0.9967,3.20,0.67,10.5,6
1172,9.7,0.42,0.46,2.1,0.074,5,16,0.9965,3.27,0.74,12.3,6
1173,7.6,0.36,0.31,1.7,0.079,26,65,0.9972,3.46,0.62,9.5,6
1174,7.6,0.36,0.31,1.7,0.079,26,65,0.9972,3.46,0.62,9.5,6
1175,6.5,0.61,0.00,2.2,0.095,48,59,0.9954,3.61,0.70,11.5,6
1176,6.5,0.88,0.03,5.6,0.079,23,47,0.9957,3.58,0.50,11.2,4
1178,5.6,0.92,0.00,2.1,0.041,17,78,0.9935,3.68,0.73,11.4,5
1179,8.2,0.35,0.33,2.4,0.076,11,47,0.9960,3.27,0.81,11.0,6
1181,9.8,0.39,0.43,1.7,0.068,5,11,0.9948,3.19,0.46,11.4,5
1183,6.8,0.66,0.07,1.6,0.070,16,61,0.9957,3.29,0.60,9.3,5
1184,6.7,0.64,0.23,2.1,0.080,11,119,0.9954,3.36,0.70,10.9,5
1188,6.7,0.64,0.23,2.1,0.080,11,119,0.9954,3.36,0.70,10.9,5
1189,8.8,0.96,0.05,1.8,0.075,5,19,0.9962,3.30,0.44,9.6,4
1190,9.1,0.40,0.57,4.6,0.080,6,20,0.9965,3.28,0.57,12.5,6
1191,6.5,0.89,0.00,2.3,0.166,6,12,0.9955,3.56,0.51,10.8,5
1192,7.2,0.25,0.37,2.5,0.063,11,41,0.9944,3.52,0.80,12.4,7
1194,7.0,0.75,0.12,1.8,0.114,15,64,0.9959,3.22,0.59,9.5,6
1195,6.2,0.43,0.22,1.8,0.078,21,56,0.9963,3.52,0.60,9.5,6
1197,7.7,0.57,0.21,1.5,0.069,4,9,0.9946,3.16,0.54,9.8,6
1198,7.7,0.26,0.26,2.0,0.052,19,77,0.9951,3.15,0.79,10.9,6
1199,7.9,0.58,0.23,2.3,0.076,23,94,0.9969,3.21,0.58,9.5,6
1200,7.7,0.57,0.21,1.5,0.069,4,9,0.9946,3.16,0.54,9.8,6
1201,7.9,0.34,0.36,1.9,0.065,5,10,0.9942,3.27,0.54,11.2,7
1202,8.6,0.42,0.39,1.8,0.068,6,12,0.9952,3.35,0.69,11.7,8
1203,9.9,0.74,0.19,5.8,0.111,33,76,0.9988,3.14,0.55,9.4,5
1204,7.2,0.36,0.46,2.1,0.074,24,44,0.9953,3.40,0.85,11.0,7
1206,7.2,0.36,0.46,2.1,0.074,24,44,0.9953,3.40,0.85,11.0,7
1207,9.9,0.72,0.55,1.7,0.136,24,52,0.9975,3.35,0.94,10.0,5
1208,7.2,0.36,0.46,2.1,0.074,24,44,0.9953,3.40,0.85,11.0,7
1209,6.2,0.39,0.43,2.0,0.071,14,24,0.9943,3.45,0.87,11.2,7
1210,6.8,0.65,0.02,2.1,0.078,8,15,0.9950,3.35,0.62,10.4,6
1212,6.8,0.65,0.02,2.1,0.078,8,15,0.9950,3.35,0.62,10.4,6
1214,10.2,0.33,0.46,1.9,0.081,6,9,0.9963,3.10,0.48,10.4,6
1216,7.9,0.57,0.31,2.0,0.079,10,79,0.9968,3.29,0.69,9.5,6
1219,9.0,0.39,0.40,1.3,0.044,25,50,0.9948,3.20,0.83,10.9,6
1220,10.9,0.32,0.52,1.8,0.132,17,44,0.9973,3.28,0.77,11.5,6
1221,10.9,0.32,0.52,1.8,0.132,17,44,0.9973,3.28,0.77,11.5,6
1224,12.6,0.39,0.49,2.5,0.080,8,20,0.9992,3.07,0.82,10.3,6
1225,9.2,0.46,0.23,2.6,0.091,18,77,0.9992,3.15,0.51,9.4,5
1226,7.5,0.58,0.03,4.1,0.080,27,46,0.9959,3.02,0.47,9.2,5
1227,9.0,0.58,0.25,2.0,0.104,8,21,0.9977,3.27,0.72,9.6,5
1228,5.1,0.42,0.00,1.8,0.044,18,88,0.9916,3.68,0.73,13.6,7
1229,7.6,0.43,0.29,2.1,0.075,19,66,0.9972,3.40,0.64,9.5,5
1230,7.7,0.18,0.34,2.7,0.066,15,58,0.9947,3.37,0.78,11.8,6
1231,7.8,0.82,0.01,2.6,0.074,48,90,0.9962,3.38,0.62,10.8,5
1232,7.6,0.43,0.29,2.1,0.075,19,66,0.9972,3.40,0.64,9.5,5
1234,7.1,0.75,0.01,2.2,0.059,11,18,0.9924,3.39,0.40,12.8,6
1236,7.8,0.55,0.00,1.7,0.070,7,17,0.9966,3.26,0.64,9.4,6
1237,7.1,0.75,0.01,2.2,0.059,11,18,0.9924,3.39,0.40,12.8,6
1238,8.1,0.73,0.00,2.5,0.081,12,24,0.9980,3.38,0.46,9.6,4
1239,6.5,0.67,0.00,4.3,0.057,11,20,0.9949,3.45,0.56,11.8,4
1240,7.5,0.61,0.20,1.7,0.076,36,60,0.9949,3.10,0.40,9.3,5
1243,8.3,0.56,0.22,2.4,0.082,10,86,0.9983,3.37,0.62,9.5,5
1245,7.4,0.55,0.19,1.8,0.082,15,34,0.9966,3.49,0.68,10.5,5
1246,7.4,0.74,0.07,1.7,0.086,15,48,0.9950,3.12,0.48,10.0,5
1250,7.1,0.60,0.01,2.3,0.079,24,37,0.9951,3.40,0.61,10.9,6
1251,7.5,0.58,0.14,2.2,0.077,27,60,0.9963,3.28,0.59,9.8,5
1252,7.1,0.72,0.00,1.8,0.123,6,14,0.9963,3.45,0.58,9.8,5
1253,7.9,0.66,0.00,1.4,0.096,6,13,0.9957,3.43,0.58,9.5,5
1254,7.8,0.70,0.06,1.9,0.079,20,35,0.9963,3.40,0.69,10.9,5
1256,7.5,0.59,0.22,1.8,0.082,43,60,0.9950,3.10,0.42,9.2,5
1257,7.0,0.58,0.28,4.8,0.085,12,69,0.9963,3.32,0.70,11.0,6
1258,6.8,0.64,0.00,2.7,0.123,15,33,0.9954,3.44,0.63,11.3,6
1260,8.6,0.64,0.68,1.8,0.403,19,56,0.9963,3.02,1.15,9.3,5
1261,6.3,1.02,0.00,2.0,0.083,17,24,0.9944,3.59,0.55,11.2,4
1262,9.8,0.45,0.38,2.5,0.081,34,66,0.9973,3.15,0.58,9.8,5
1264,8.5,0.37,0.32,1.8,0.066,26,51,0.9946,3.38,0.72,11.8,6
1265,7.2,0.57,0.05,2.3,0.081,16,36,0.9956,3.38,0.60,10.3,6
1266,7.2,0.57,0.05,2.3,0.081,16,36,0.9956,3.38,0.60,10.3,6
1267,10.4,0.43,0.50,2.3,0.068,13,19,0.9960,3.10,0.87,11.4,6
1268,6.9,0.41,0.31,2.0,0.079,21,51,0.9967,3.47,0.55,9.5,6
1270,5.0,0.38,0.01,1.6,0.048,26,60,0.9908,3.70,0.75,14.0,6
1271,7.3,0.44,0.20,1.6,0.049,24,64,0.9935,3.38,0.57,11.7,6
1272,5.9,0.46,0.00,1.9,0.077,25,44,0.9939,3.50,0.53,11.2,5
1273,7.5,0.58,0.20,2.0,0.073,34,44,0.9949,3.10,0.43,9.3,5
1274,7.8,0.58,0.13,2.1,0.102,17,36,0.9944,3.24,0.53,11.2,6
1275,8.0,0.72,0.22,2.3,0.075,13,81,0.9969,3.24,0.54,9.5,6
1276,8.5,0.40,0.40,6.3,0.050,3,10,0.9957,3.28,0.56,12.0,4
1277,7.0,0.69,0.00,1.9,0.114,3,10,0.9964,3.35,0.60,9.7,6
1278,8.0,0.72,0.22,2.3,0.075,13,81,0.9969,3.24,0.54,9.5,6
1279,9.8,0.30,0.39,1.7,0.062,3,9,0.9948,3.14,0.57,11.5,7
1280,7.1,0.46,0.20,1.9,0.077,28,54,0.9956,3.37,0.64,10.4,6
1281,7.1,0.46,0.20,1.9,0.077,28,54,0.9956,3.37,0.64,10.4,6
1282,7.9,0.77,0.00,2.0,0.084,9,22,0.9962,3.33,0.68,10.9,6
1283,8.7,0.63,0.28,2.7,0.096,17,69,0.9973,3.26,0.63,10.2,6
1284,7.0,0.42,0.19,2.3,0.071,18,36,0.9948,3.39,0.56,10.9,5
1285,11.3,0.37,0.50,1.8,0.090,20,47,0.9973,3.15,0.57,10.5,5
1288,7.0,0.60,0.30,4.5,0.068,20,110,0.9991,3.30,1.17,10.2,5
1289,7.0,0.60,0.30,4.5,0.068,20,110,0.9991,3.30,1.17,10.2,5
1290,7.6,0.74,0.00,1.9,0.100,6,12,0.9952,3.36,0.59,11.0,5
1291,8.2,0.64,0.10,2.1,0.073,25,60,0.9964,3.29,0.75,10.9,6
1292,5.9,0.40,0.13,2.4,0.056,14,28,0.9936,3.62,0.67,12.4,6
1296,6.6,0.63,0.00,4.3,0.093,51,78,0.9956,3.20,0.45,9.5,5
1297,7.2,0.53,0.14,2.1,0.064,15,29,0.9932,3.35,0.61,12.1,6
1298,5.7,0.60,0.00,1.4,0.063,11,18,0.9919,3.45,0.56,12.2,6
1299,7.6,1.58,0.00,2.1,0.137,5,9,0.9948,3.50,0.40,10.9,3
1300,5.2,0.65,0.00,2.2,0.080,15,28,0.9944,3.78,0.61,12.5,6
1301,6.7,0.86,0.07,2.0,0.100,20,57,0.9960,3.60,0.74,11.7,6
1302,9.1,0.37,0.32,2.1,0.064,4,15,0.9958,3.30,0.80,11.2,6
1304,7.6,0.79,0.21,2.3,0.087,21,68,0.9955,3.12,0.44,9.2,5
1305,7.5,0.61,0.26,1.9,0.073,24,88,0.9961,3.30,0.53,9.8,5
1306,9.7,0.69,0.32,2.5,0.088,22,91,0.9979,3.29,0.62,10.1,5
1309,7.0,0.62,0.10,1.4,0.071,27,63,0.9960,3.28,0.61,9.2,5
1311,6.5,0.51,0.15,3.0,0.064,12,27,0.9929,3.33,0.59,12.8,6
1312,8.0,1.18,0.21,1.9,0.083,14,41,0.9953,3.34,0.47,10.5,5
1315,7.5,0.63,0.27,2.0,0.083,17,91,0.9962,3.26,0.58,9.8,6
1316,5.4,0.74,0.00,1.2,0.041,16,46,0.9926,4.01,0.59,12.5,6
1319,9.1,0.76,0.68,1.7,0.414,18,64,0.9965,2.90,1.33,9.1,6
1321,5.0,0.74,0.00,1.2,0.041,16,46,0.9926,4.01,0.59,12.5,6
1322,9.1,0.34,0.42,1.8,0.058,9,18,0.9939,3.18,0.55,11.4,5
1324,6.7,0.46,0.24,1.7,0.077,18,34,0.9948,3.39,0.60,10.6,6
1325,6.7,0.46,0.24,1.7,0.077,18,34,0.9948,3.39,0.60,10.6,6
1326,6.7,0.46,0.24,1.7,0.077,18,34,0.9948,3.39,0.60,10.6,6
1327,6.7,0.46,0.24,1.7,0.077,18,34,0.9948,3.39,0.60,10.6,6
1328,6.5,0.52,0.11,1.8,0.073,13,38,0.9955,3.34,0.52,9.3,5
1329,7.4,0.60,0.26,2.1,0.083,17,91,0.9962,3.29,0.56,9.8,6
1330,7.4,0.60,0.26,2.1,0.083,17,91,0.9962,3.29,0.56,9.8,6
1331,7.8,0.87,0.26,3.8,0.107,31,67,0.9967,3.26,0.46,9.2,5
1332,8.4,0.39,0.10,1.7,0.075,6,25,0.9958,3.09,0.43,9.7,6
1333,9.1,0.78,0.22,2.2,0.079,12,48,0.9976,3.18,0.51,9.6,5
1334,7.2,0.84,0.00,2.0,0.166,4,11,0.9961,3.39,0.52,10.0,5
1335,6.6,0.58,0.02,2.4,0.069,19,40,0.9939,3.38,0.66,12.6,6
1336,6.0,0.50,0.00,1.4,0.057,15,26,0.9945,3.36,0.45,9.5,5
1337,6.0,0.50,0.00,1.4,0.057,15,26,0.9945,3.36,0.45,9.5,5
1338,6.0,0.50,0.00,1.4,0.057,15,26,0.9945,3.36,0.45,9.5,5
1339,7.5,0.51,0.02,1.7,0.084,13,31,0.9954,3.36,0.54,10.5,6
1340,7.5,0.51,0.02,1.7,0.084,13,31,0.9954,3.36,0.54,10.5,6
1341,7.5,0.51,0.02,1.7,0.084,13,31,0.9954,3.36,0.54,10.5,6
1343,7.5,0.51,0.02,1.7,0.084,13,31,0.9954,3.36,0.54,10.5,6
1344,11.5,0.42,0.48,2.6,0.077,8,20,0.9985,3.09,0.53,11.0,5
1345,8.2,0.44,0.24,2.3,0.063,10,28,0.9961,3.25,0.53,10.2,6
1346,6.1,0.59,0.01,2.1,0.056,5,13,0.9947,3.52,0.56,11.4,5
1347,7.2,0.66,0.03,1.8,0.078,7,12,0.9959,3.34,0.39,9.5,5
1351,7.2,0.62,0.01,2.3,0.065,8,46,0.9933,3.32,0.51,11.8,6
1353,7.6,0.65,0.03,1.9,0.086,14,57,0.9969,3.37,0.46,10.3,5
1355,6.1,0.32,0.25,1.8,0.086,5,32,0.9946,3.36,0.44,10.1,5
1356,6.1,0.34,0.25,1.8,0.084,4,28,0.9946,3.36,0.44,10.1,5
1357,7.3,0.43,0.24,2.5,0.078,27,67,0.9965,3.60,0.59,11.1,6
1358,7.4,0.64,0.17,5.4,0.168,52,98,0.9974,3.28,0.50,9.5,5
1359,11.6,0.48,0.40,1.4,0.091,6,28,0.9970,3.07,0.65,10.0,6
1361,8.3,0.85,0.14,2.5,0.093,13,54,0.9972,3.36,0.54,10.1,5
1362,11.6,0.48,0.40,1.4,0.091,6,28,0.9970,3.07,0.65,10.0,6
1364,7.2,0.61,0.02,1.9,0.096,10,31,0.9950,3.46,0.53,11.8,6
1366,7.3,0.74,0.08,1.7,0.094,10,45,0.9958,3.24,0.50,9.8,5
1367,6.9,0.54,0.30,2.2,0.088,9,105,0.9973,3.25,1.18,10.5,6
1368,8.0,0.77,0.32,2.1,0.079,16,74,0.9966,3.27,0.50,9.8,6
1370,8.7,0.78,0.51,1.7,0.415,12,66,0.9962,3.00,1.17,9.2,5
1371,7.5,0.58,0.56,3.1,0.153,5,14,0.9948,3.21,1.03,11.6,6
1372,8.7,0.78,0.51,1.7,0.415,12,66,0.9962,3.00,1.17,9.2,5
1376,8.2,0.89,0.20,1.4,0.086,7,31,0.9946,3.11,0.46,10.0,5
1378,7.2,0.45,0.15,2.0,0.078,10,28,0.9961,3.29,0.51,9.9,6
1379,7.5,0.57,0.02,2.6,0.077,11,35,0.9956,3.36,0.62,10.8,6
1380,7.5,0.57,0.02,2.6,0.077,11,35,0.9956,3.36,0.62,10.8,6
1382,8.0,0.60,0.22,2.1,0.080,25,105,0.9961,3.30,0.49,9.9,5
1383,8.0,0.60,0.22,2.1,0.080,25,105,0.9961,3.30,0.49,9.9,5
1384,7.1,0.76,0.15,1.8,0.107,20,84,0.9959,3.19,0.50,9.5,5
1385,8.0,0.81,0.25,3.4,0.076,34,85,0.9967,3.19,0.42,9.2,5
1386,7.4,0.64,0.07,1.8,0.100,8,23,0.9961,3.30,0.58,9.6,5
1388,6.6,0.64,0.31,6.1,0.083,7,49,0.9972,3.35,0.68,10.3,5
1390,6.0,0.49,0.00,2.3,0.068,15,33,0.9929,3.58,0.59,12.5,6
1391,8.0,0.64,0.22,2.4,0.094,5,33,0.9961,3.37,0.58,11.0,5
1392,7.1,0.62,0.06,1.3,0.070,5,12,0.9942,3.17,0.48,9.8,5
1393,8.0,0.52,0.25,2.0,0.078,19,59,0.9961,3.30,0.48,10.2,5
1395,8.6,0.69,0.10,1.6,0.092,3,12,0.9975,3.31,0.65,9.6,6
1396,8.7,0.68,0.10,1.6,0.090,4,11,0.9975,3.31,0.65,9.6,5
1397,7.3,0.59,0.26,2.0,0.080,17,104,0.9958,3.28,0.52,9.9,5
1399,7.2,0.67,0.00,2.2,0.068,10,24,0.9956,3.42,0.72,11.1,6
1400,7.9,0.69,0.21,2.1,0.080,33,141,0.9962,3.25,0.51,9.9,5
1402,7.6,0.30,0.42,2.0,0.052,6,24,0.9963,3.44,0.82,11.9,6
1403,7.2,0.33,0.33,1.7,0.061,3,13,0.9960,3.23,1.10,10.0,8
1404,8.0,0.50,0.39,2.6,0.082,12,46,0.9985,3.43,0.62,10.7,6
1406,8.2,0.24,0.34,5.1,0.062,8,22,0.9974,3.22,0.94,10.9,6
1407,6.0,0.51,0.00,2.1,0.064,40,54,0.9950,3.54,0.93,10.7,6
1408,8.1,0.29,0.36,2.2,0.048,35,53,0.9950,3.27,1.01,12.4,7
1409,6.0,0.51,0.00,2.1,0.064,40,54,0.9950,3.54,0.93,10.7,6
1410,6.6,0.96,0.00,1.8,0.082,5,16,0.9936,3.50,0.44,11.9,6
1411,6.4,0.47,0.40,2.4,0.071,8,19,0.9963,3.56,0.73,10.6,6
1412,8.2,0.24,0.34,5.1,0.062,8,22,0.9974,3.22,0.94,10.9,6
1413,9.9,0.57,0.25,2.0,0.104,12,89,0.9963,3.04,0.90,10.1,5
1414,10.0,0.32,0.59,2.2,0.077,3,15,0.9994,3.20,0.78,9.6,5
1415,6.2,0.58,0.00,1.6,0.065,8,18,0.9966,3.56,0.84,9.4,5
1416,10.0,0.32,0.59,2.2,0.077,3,15,0.9994,3.20,0.78,9.6,5
1417,7.3,0.34,0.33,2.5,0.064,21,37,0.9952,3.35,0.77,12.1,7
1418,7.8,0.53,0.01,1.6,0.077,3,19,0.9950,3.16,0.46,9.8,5
1419,7.7,0.64,0.21,2.2,0.077,32,133,0.9956,3.27,0.45,9.9,5
1420,7.8,0.53,0.01,1.6,0.077,3,19,0.9950,3.16,0.46,9.8,5
1421,7.5,0.40,0.18,1.6,0.079,24,58,0.9965,3.34,0.58,9.4,5
1422,7.0,0.54,0.00,2.1,0.079,39,55,0.9956,3.39,0.84,11.4,6
1423,6.4,0.53,0.09,3.9,0.123,14,31,0.9968,3.50,0.67,11.0,4
1427,7.6,0.41,0.33,2.5,0.078,6,23,0.9957,3.30,0.58,11.2,5
1428,7.8,0.64,0.00,1.9,0.072,27,55,0.9962,3.31,0.63,11.0,5
1429,7.9,0.18,0.40,2.2,0.049,38,67,0.9960,3.33,0.93,11.3,5
1430,7.4,0.41,0.24,1.8,0.066,18,47,0.9956,3.37,0.62,10.4,5
1431,7.6,0.43,0.31,2.1,0.069,13,74,0.9958,3.26,0.54,9.9,6
1433,6.1,0.40,0.16,1.8,0.069,11,25,0.9955,3.42,0.74,10.1,7
1434,10.2,0.54,0.37,15.4,0.214,55,95,1.0037,3.18,0.77,9.0,6
1436,10.0,0.38,0.38,1.6,0.169,27,90,0.9991,3.15,0.65,8.5,5
1437,6.8,0.92,0.29,4.8,0.070,15,39,0.9958,3.53,0.54,11.1,5
1438,7.0,0.59,0.00,1.7,0.052,3,8,0.9960,3.41,0.47,10.3,5
1439,7.3,0.67,0.02,2.2,0.072,31,92,0.9957,3.32,0.68,11.066666666666698,6
1443,6.9,0.58,0.20,1.8,0.058,8,22,0.9932,3.38,0.49,11.7,5
1445,7.4,0.79,0.19,5.2,0.094,19,98,0.9971,3.16,0.52,9.6,6
1447,6.8,0.67,0.00,1.9,0.080,22,39,0.9970,3.40,0.74,9.7,5
1449,7.2,0.38,0.31,2.0,0.056,15,29,0.9947,3.23,0.76,11.3,8
1450,7.2,0.37,0.32,2.0,0.062,15,28,0.9947,3.23,0.73,11.3,7
1451,7.8,0.32,0.44,2.7,0.104,8,17,0.9973,3.33,0.78,11.0,7
1452,6.6,0.58,0.02,2.0,0.062,37,53,0.9937,3.35,0.76,11.6,7
1454,11.7,0.45,0.63,2.2,0.073,7,23,0.9997,3.21,0.69,10.9,6
1455,6.5,0.90,0.00,1.6,0.052,9,17,0.9947,3.50,0.63,10.9,6
1457,7.6,0.49,0.33,1.9,0.074,27,85,0.9971,3.41,0.58,9.0,5
1458,8.4,0.29,0.40,1.7,0.067,8,20,0.9960,3.39,0.60,10.5,5
1459,7.9,0.20,0.35,1.7,0.054,7,15,0.9946,3.32,0.80,11.9,7
1460,6.4,0.42,0.09,2.3,0.054,34,64,0.9972,3.41,0.68,10.4,6
1461,6.2,0.79,0.00,2.1,0.060,6,13,0.9966,3.59,0.61,10.0,4
1463,6.9,0.63,0.01,2.4,0.076,14,39,0.9952,3.34,0.53,10.8,6
1464,6.8,0.59,0.10,1.7,0.063,34,53,0.9958,3.41,0.67,9.7,5
1466,7.3,0.48,0.32,2.1,0.062,31,54,0.9973,3.30,0.65,10.0,7
1467,6.7,1.04,0.08,2.3,0.067,19,32,0.9965,3.52,0.57,11.0,4
1468,7.3,0.48,0.32,2.1,0.062,31,54,0.9973,3.30,0.65,10.0,7
1469,7.3,0.98,0.05,2.1,0.061,20,49,0.9971,3.31,0.55,9.7,3
1470,10.0,0.69,0.11,1.4,0.084,8,24,0.9958,2.88,0.47,9.7,5
1471,6.7,0.70,0.08,3.8,0.067,8,16,0.9933,3.43,0.52,12.6,5
1472,7.6,0.35,0.60,2.6,0.073,23,44,0.9966,3.38,0.79,11.1,6
1473,6.1,0.60,0.08,1.8,0.071,14,45,0.9934,3.38,0.54,11.0,5
1474,9.9,0.50,0.50,13.8,0.205,48,82,1.0024,3.16,0.75,8.8,5
1475,5.3,0.47,0.11,2.2,0.048,16,89,0.9918,3.54,0.88,13.6,7
1476,9.9,0.50,0.50,13.8,0.205,48,82,1.0024,3.16,0.75,8.8,5
1477,5.3,0.47,0.11,2.2,0.048,16,89,0.9918,3.54,0.88,13.6,7
1478,7.1,0.88,0.05,5.7,0.082,3,14,0.9981,3.40,0.52,10.2,3
1479,8.2,0.28,0.60,3.0,0.104,10,22,0.9983,3.39,0.68,10.6,5
1480,5.6,0.62,0.03,1.5,0.080,6,13,0.9950,3.66,0.62,10.1,4
1481,8.2,0.28,0.60,3.0,0.104,10,22,0.9983,3.39,0.68,10.6,5
1483,8.1,0.33,0.44,1.5,0.042,6,12,0.9954,3.35,0.61,10.7,5
1485,7.0,0.66,0.16,2.1,0.074,8,25,0.9961,3.37,0.55,9.7,5
1486,6.8,0.68,0.21,2.1,0.070,9,23,0.9955,3.38,0.60,10.3,5
1487,6.0,0.64,0.05,1.9,0.066,9,17,0.9950,3.52,0.78,10.6,5
1488,5.6,0.54,0.04,1.7,0.049,5,13,0.9942,3.72,0.58,11.4,5
1490,7.1,0.22,0.49,1.8,0.039,8,18,0.9934,3.39,0.56,12.4,6
1492,6.2,0.65,0.06,1.6,0.050,6,18,0.9935,3.57,0.54,12.0,5
1493,7.7,0.54,0.26,1.9,0.089,23,147,0.9964,3.26,0.59,9.7,5
1494,6.4,0.31,0.09,1.4,0.066,15,28,0.9946,3.42,0.70,10.0,7
1495,7.0,0.43,0.02,1.9,0.080,15,28,0.9949,3.35,0.81,10.6,6
1497,6.9,0.74,0.03,2.3,0.054,7,16,0.9951,3.45,0.63,11.5,6
1499,6.9,0.74,0.03,2.3,0.054,7,16,0.9951,3.45,0.63,11.5,6
1501,7.8,0.82,0.29,4.3,0.083,21,64,0.9964,3.16,0.53,9.4,5
1503,6.2,0.44,0.39,2.5,0.077,6,14,0.9956,3.51,0.69,11.0,6
1504,7.5,0.38,0.57,2.3,0.106,5,12,0.9961,3.36,0.55,11.4,6
1505,6.7,0.76,0.02,1.8,0.078,6,12,0.9960,3.55,0.63,10.0,3
1506,6.8,0.81,0.05,2.0,0.070,6,14,0.9956,3.51,0.66,10.8,6
1507,7.5,0.38,0.57,2.3,0.106,5,12,0.9961,3.36,0.55,11.4,6
1508,7.1,0.27,0.60,2.1,0.074,17,25,0.9981,3.38,0.72,10.6,6
1509,7.9,0.18,0.40,1.8,0.062,7,20,0.9941,3.28,0.70,11.1,5
1510,6.4,0.36,0.21,2.2,0.047,26,48,0.9966,3.47,0.77,9.7,6
1511,7.1,0.69,0.04,2.1,0.068,19,27,0.9971,3.44,0.67,9.8,5
1514,6.9,0.84,0.21,4.1,0.074,16,65,0.9984,3.53,0.72,9.2,6
1515,6.9,0.84,0.21,4.1,0.074,16,65,0.9984,3.53,0.72,9.3,6
1517,6.5,0.53,0.06,2.0,0.063,29,44,0.9949,3.38,0.83,10.3,6
1518,7.4,0.47,0.46,2.2,0.114,7,20,0.9965,3.32,0.63,10.5,5
1519,6.6,0.70,0.08,2.6,0.106,14,27,0.9967,3.44,0.58,10.2,5
1522,6.1,0.32,0.25,2.3,0.071,23,58,0.9963,3.42,0.97,10.6,5
1523,6.8,0.48,0.25,2.0,0.076,29,61,0.9953,3.34,0.60,10.4,5
1525,6.7,0.48,0.08,2.1,0.064,18,34,0.9955,3.33,0.64,9.7,5
1526,6.8,0.47,0.08,2.2,0.064,18,38,0.9955,3.30,0.65,9.6,6
1528,7.9,0.29,0.49,2.2,0.096,21,59,0.9971,3.31,0.67,10.1,6
1529,7.1,0.69,0.08,2.1,0.063,42,52,0.9961,3.42,0.60,10.2,6
1530,6.6,0.44,0.09,2.2,0.063,9,18,0.9944,3.42,0.69,11.3,6
1531,6.1,0.71,0.10,2.8,0.081,13,28,0.9963,3.60,0.66,10.2,5
1532,7.2,0.53,0.13,2.0,0.058,18,22,0.9957,3.21,0.68,9.9,6
1533,8.0,0.39,0.30,1.9,0.074,32,84,0.9972,3.39,0.61,9.0,5
1534,6.6,0.56,0.14,2.4,0.064,13,29,0.9940,3.42,0.62,11.7,7
1535,7.0,0.55,0.13,2.2,0.075,15,35,0.9959,3.36,0.59,9.7,6
1538,6.2,0.64,0.09,2.5,0.081,15,26,0.9954,3.57,0.63,12.0,5
1540,6.2,0.52,0.08,4.4,0.071,11,32,0.9965,3.56,0.63,11.6,6
1544,8.4,0.37,0.43,2.3,0.063,12,19,0.9955,3.17,0.81,11.2,7
1545,6.5,0.63,0.33,1.8,0.059,16,28,0.9953,3.36,0.64,10.1,6
1546,7.0,0.57,0.02,2.0,0.072,17,26,0.9958,3.36,0.61,10.2,5
1548,11.2,0.40,0.50,2.0,0.099,19,50,0.9978,3.10,0.58,10.4,5
1549,7.4,0.36,0.30,1.8,0.074,17,24,0.9942,3.24,0.70,11.4,8
1551,7.1,0.67,0.00,2.3,0.083,18,27,0.9977,3.44,0.54,9.4,5
1552,6.3,0.68,0.01,3.7,0.103,32,54,0.9959,3.51,0.66,11.3,6
1553,7.3,0.74,0.00,2.2,0.080,18,28,0.9977,3.41,0.60,9.4,5
1555,7.0,0.56,0.17,1.7,0.065,15,24,0.9951,3.44,0.68,10.6,7
1556,6.6,0.88,0.04,2.2,0.066,12,20,0.9964,3.53,0.56,9.9,5
1557,6.6,0.86,0.02,2.4,0.062,15,23,0.9963,3.54,0.60,11.0,6
1558,6.9,0.63,0.33,6.7,0.235,66,115,0.9979,3.22,0.56,9.5,5
1559,7.8,0.60,0.26,2.0,0.080,31,131,0.9962,3.21,0.52,9.9,5
1560,7.8,0.60,0.26,2.0,0.080,31,131,0.9962,3.21,0.52,9.9,5
1561,7.8,0.60,0.26,2.0,0.080,31,131,0.9962,3.21,0.52,9.9,5
1562,7.2,0.70,0.13,2.0,0.076,12,20,0.9955,3.29,0.54,10.1,5
1563,7.2,0.70,0.13,2.0,0.076,12,20,0.9955,3.29,0.54,10.1,5
1565,6.7,0.67,0.02,1.9,0.061,26,42,0.9949,3.39,0.82,10.9,6
1566,6.7,0.16,0.64,2.1,0.059,24,52,0.9949,3.34,0.71,11.2,6
1567,7.2,0.70,0.13,2.0,0.076,12,20,0.9955,3.29,0.54,10.1,5
1568,7.0,0.56,0.13,1.6,0.077,25,42,0.9963,3.34,0.59,9.2,5
1569,6.2,0.51,0.14,1.9,0.056,15,34,0.9940,3.48,0.57,11.5,6
1570,6.4,0.36,0.53,2.2,0.230,19,35,0.9934,3.37,0.93,12.4,6
1571,6.4,0.38,0.14,2.2,0.038,15,25,0.9951,3.44,0.65,11.1,6
1572,7.3,0.69,0.32,2.2,0.069,35,104,0.9963,3.33,0.51,9.5,5
1573,6.0,0.58,0.20,2.4,0.075,15,50,0.9947,3.58,0.67,12.5,6
1575,7.5,0.52,0.40,2.2,0.060,12,20,0.9947,3.26,0.64,11.8,6
1576,8.0,0.30,0.63,1.6,0.081,16,29,0.9959,3.30,0.78,10.8,6
1577,6.2,0.70,0.15,5.1,0.076,13,27,0.9962,3.54,0.60,11.9,6
1578,6.8,0.67,0.15,1.8,0.118,13,20,0.9954,3.42,0.67,11.3,6
1580,7.4,0.35,0.33,2.4,0.068,9,26,0.9947,3.36,0.60,11.9,6
1582,6.1,0.72,0.10,2.6,0.053,13,27,0.9936,3.57,0.50,11.9,5
1583,6.2,0.46,0.29,2.1,0.074,32,98,0.9958,3.33,0.62,9.8,5
1584,6.7,0.32,0.44,2.4,0.061,24,34,0.9948,3.29,0.80,11.6,7
1586,7.5,0.31,0.41,2.4,0.065,34,60,0.9949,3.34,0.85,11.4,6
1587,5.8,0.61,0.11,1.8,0.066,18,28,0.9948,3.55,0.66,10.9,6
1590,6.3,0.55,0.15,1.8,0.077,26,35,0.9931,3.32,0.82,11.6,6
1591,5.4,0.74,0.09,1.7,0.089,16,26,0.9940,3.67,0.56,11.6,6
1592,6.3,0.51,0.13,2.3,0.076,29,40,0.9957,3.42,0.75,11.0,6
1593,6.8,0.62,0.08,1.9,0.068,28,38,0.9965,3.42,0.82,9.5,6
1594,6.2,0.60,0.08,2.0,0.090,32,44,0.9949,3.45,0.58,10.5,5
1595,5.9,0.55,0.10,2.2,0.062,39,51,0.9951,3.52,0.76,11.2,6
1597,5.9,0.65,0.12,2.0,0.075,32,44,0.9955,3.57,0.71,10.2,5